trade_id,stock_code,stock_name,buy_time,buy_price,entry_reason,position_size_mult,condition_name,entry_min,profit_rate,exit_reason,exit_category,sell_time,buy_time_str,entry_date,entry_grade,regime,regime_score,regime_reasons,regime_cutoff_date,kospi_last_date,kosdaq_last_date,v131_blocked,v131_block_reason,v131_size_mult,v132_blocked,v132_block_reason,v132_size_mult,v14_blocked,v14_block_reason,v14_size_mult,v14_adj_size
121,009420,한올바이오파마,2025-11-28 10:57:38.883787,45750.00,VWAP 상향 돌파 (종합점수: 0.0),,VWAP+AI,657,-0.66,"🚨 Early Failure Cut (4.1분, -0.66%)",EXPERIMENT_EXIT,2025-11-28 11:01:47.614374,2025-11-28 10:57,2025-11-28,LEGACY,NEUTRAL,0,KOSPI_above_EMA20|KOSPI_EMA_slope_up|KOSDAQ_below_EMA20|KOSDAQ_EMA_slope_down,2025-11-27,2025-11-27,2025-11-27,False,,1.0,False,,1.0,False,,0.7,0.7
123,476060,온코닉테라퓨틱스,2025-11-28 12:35:41.491326,20750.00,VWAP 상향 돌파 (종합점수: 0.0),,VWAP+AI,755,1.45,ATR 트레일링 스탑 (+1.45%),ALPHA_EXIT,2025-11-28 13:08:56.253724,2025-11-28 12:35,2025-11-28,LEGACY,NEUTRAL,0,KOSPI_above_EMA20|KOSPI_EMA_slope_up|KOSDAQ_below_EMA20|KOSDAQ_EMA_slope_down,2025-11-27,2025-11-27,2025-11-27,False,,1.0,False,,1.0,False,,0.7,0.7
124,448900,한국피아이엠,2025-11-28 12:35:42.568448,54600.00,VWAP 상향 돌파 (종합점수: 0.0),,VWAP+AI,755,1.28,ATR 트레일링 스탑 (+1.28%),ALPHA_EXIT,2025-11-28 13:14:59.602155,2025-11-28 12:35,2025-11-28,LEGACY,NEUTRAL,0,KOSPI_above_EMA20|KOSPI_EMA_slope_up|KOSDAQ_below_EMA20|KOSDAQ_EMA_slope_down,2025-11-27,2025-11-27,2025-11-27,False,,1.0,False,,1.0,False,,0.7,0.7
125,009420,한올바이오파마,2025-11-28 12:36:37.920233,46100.00,VWAP 상향 돌파 (종합점수: 0.0),,VWAP+AI,756,1.52,ATR 트레일링 스탑 (+1.52%),ALPHA_EXIT,2025-11-28 13:31:02.386346,2025-11-28 12:36,2025-11-28,LEGACY,NEUTRAL,0,KOSPI_above_EMA20|KOSPI_EMA_slope_up|KOSDAQ_below_EMA20|KOSDAQ_EMA_slope_down,2025-11-27,2025-11-27,2025-11-27,False,,1.0,False,,1.0,False,,0.7,0.7
126,318060,그래피,2025-11-28 12:36:39.018526,20050.00,VWAP 상향 돌파 (종합점수: 0.0),,VWAP+AI,756,-0.75,"🚨 Early Failure Cut (3.0분, -0.75%)",EXPERIMENT_EXIT,2025-11-28 12:39:38.039950,2025-11-28 12:36,2025-11-28,LEGACY,NEUTRAL,0,KOSPI_above_EMA20|KOSPI_EMA_slope_up|KOSDAQ_below_EMA20|KOSDAQ_EMA_slope_down,2025-11-27,2025-11-27,2025-11-27,False,,1.0,False,,1.0,False,,0.7,0.7
128,950160,코오롱티슈진,2025-11-28 12:40:39.539991,85900.00,VWAP 상향 돌파 (종합점수: 0.0),,VWAP+AI,760,0.93,ATR 트레일링 스탑 (+0.93%),ALPHA_EXIT,2025-11-28 13:22:00.925280,2025-11-28 12:40,2025-11-28,LEGACY,NEUTRAL,0,KOSPI_above_EMA20|KOSPI_EMA_slope_up|KOSDAQ_below_EMA20|KOSDAQ_EMA_slope_down,2025-11-27,2025-11-27,2025-11-27,False,,1.0,False,,1.0,False,,0.7,0.7
133,448900,한국피아이엠,2025-12-01 09:31:31.452365,60600.00,VWAP 상향 돌파 (종합점수: 0.0),,VWAP+AI,571,-0.83,"🚨 Early Failure Cut (2.0분, -0.83%)",EXPERIMENT_EXIT,2025-12-01 09:33:33.639621,2025-12-01 09:31,2025-12-01,LEGACY,NEUTRAL,-1,KOSPI_below_EMA20|KOSPI_EMA_slope_down|KOSPI_day_drop_-1.5pct|KOSDAQ_above_EMA20|KOSDAQ_EMA_slope_up,2025-11-30,2025-11-28,2025-11-28,False,,1.0,False,,1.0,False,,0.7,0.7
136,318060,그래피,2025-12-01 09:43:39.387984,20100.00,VWAP 상향 돌파 (종합점수: 0.0),,VWAP+AI,583,-0.60,"🚨 Early Failure Cut (2.0분, -0.60%)",EXPERIMENT_EXIT,2025-12-01 09:45:40.180709,2025-12-01 09:43,2025-12-01,LEGACY,NEUTRAL,-1,KOSPI_below_EMA20|KOSPI_EMA_slope_down|KOSPI_day_drop_-1.5pct|KOSDAQ_above_EMA20|KOSDAQ_EMA_slope_up,2025-11-30,2025-11-28,2025-11-28,False,,1.0,False,,1.0,False,,0.7,0.7
137,058610,에스피지,2025-12-01 09:45:38.642350,63300.00,VWAP 상향 돌파 (종합점수: 0.0),,VWAP+AI,585,-0.63,"🚨 Early Failure Cut (6.0분, -0.63%)",EXPERIMENT_EXIT,2025-12-01 09:51:39.574040,2025-12-01 09:45,2025-12-01,LEGACY,NEUTRAL,-1,KOSPI_below_EMA20|KOSPI_EMA_slope_down|KOSPI_day_drop_-1.5pct|KOSDAQ_above_EMA20|KOSDAQ_EMA_slope_up,2025-11-30,2025-11-28,2025-11-28,False,,1.0,False,,1.0,False,,0.7,0.7
139,092200,디아이씨,2025-12-01 09:47:36.345787,9540.00,VWAP 상향 돌파 (종합점수: 0.0),,VWAP+AI,587,-0.52,"🚨 Early Failure Cut (1.0분, -0.52%)",EXPERIMENT_EXIT,2025-12-01 09:48:36.344158,2025-12-01 09:47,2025-12-01,LEGACY,NEUTRAL,-1,KOSPI_below_EMA20|KOSPI_EMA_slope_down|KOSPI_day_drop_-1.5pct|KOSDAQ_above_EMA20|KOSDAQ_EMA_slope_up,2025-11-30,2025-11-28,2025-11-28,False,,1.0,False,,1.0,False,,0.7,0.7
143,200470,에이팩트,2025-12-03 09:32:32.354792,5830.00,VWAP 상향 돌파 (종합점수: 0.0),,VWAP+AI,572,-1.20,"🚨 Early Failure Cut (1.0분, -1.20%)",EXPERIMENT_EXIT,2025-12-03 09:33:31.564126,2025-12-03 09:32,2025-12-03,LEGACY,TREND_UP,4,KOSPI_above_EMA20|KOSPI_EMA_slope_up|KOSDAQ_above_EMA20|KOSDAQ_EMA_slope_up,2025-12-02,2025-12-02,2025-12-02,False,,1.0,False,,1.0,False,,1.0,1.0
145,318060,그래피,2025-12-03 09:34:31.525696,23050.00,VWAP 상향 돌파 (종합점수: 0.0),,VWAP+AI,574,-1.08,"🚨 Early Failure Cut (4.0분, -1.08%)",EXPERIMENT_EXIT,2025-12-03 09:38:33.235200,2025-12-03 09:34,2025-12-03,LEGACY,TREND_UP,4,KOSPI_above_EMA20|KOSPI_EMA_slope_up|KOSDAQ_above_EMA20|KOSDAQ_EMA_slope_up,2025-12-02,2025-12-02,2025-12-02,False,,1.0,False,,1.0,False,,1.0,1.0
147,460940,피앤에스로보틱스,2025-12-03 11:36:37.032453,13830.00,VWAP 상향 돌파 (종합점수: 0.0),,VWAP+AI,696,-1.08,"🚨 Early Failure Cut (2.0분, -1.08%)",EXPERIMENT_EXIT,2025-12-03 11:38:34.999744,2025-12-03 11:36,2025-12-03,LEGACY,TREND_UP,4,KOSPI_above_EMA20|KOSPI_EMA_slope_up|KOSDAQ_above_EMA20|KOSDAQ_EMA_slope_up,2025-12-02,2025-12-02,2025-12-02,False,,1.0,False,,1.0,False,,1.0,1.0
150,013360,일성건설,2025-12-05 10:58:03.906643,2370.00,VWAP 상향 돌파 (종합점수: 0.0),,VWAP+AI,658,-0.84,"🚨 Early Failure Cut (5.1분, -0.84%)",EXPERIMENT_EXIT,2025-12-05 11:03:07.991394,2025-12-05 10:58,2025-12-05,LEGACY,TREND_UP,4,KOSPI_above_EMA20|KOSPI_EMA_slope_up|KOSDAQ_above_EMA20|KOSDAQ_EMA_slope_up,2025-12-04,2025-12-04,2025-12-04,False,,1.0,False,,1.0,False,,1.0,1.0
153,105840,우진,2025-12-05 14:23:27.167652,18740.00,VWAP 상향 돌파 (종합점수: 0.0),,VWAP+AI,863,0.43,"시간 기반 청산 (15:00, +0.43%)",SYSTEM_EXIT,2025-12-05 15:00:45.225729,2025-12-05 14:23,2025-12-05,LEGACY,TREND_UP,4,KOSPI_above_EMA20|KOSPI_EMA_slope_up|KOSDAQ_above_EMA20|KOSDAQ_EMA_slope_up,2025-12-04,2025-12-04,2025-12-04,False,,1.0,False,,1.0,False,,1.0,1.0
155,474650,링크솔루션,2025-12-08 10:21:30.714060,51500.00,VWAP 상향 돌파 (종합점수: 0.0),,VWAP+AI,621,-2.91,"Hard Stop (-3%, -2.91%)",RISK_EXIT,2025-12-08 10:24:30.986549,2025-12-08 10:21,2025-12-08,LEGACY,TREND_UP,4,KOSPI_above_EMA20|KOSPI_EMA_slope_up|KOSDAQ_above_EMA20|KOSDAQ_EMA_slope_up,2025-12-07,2025-12-05,2025-12-05,False,,1.0,False,,1.0,False,,1.0,1.0
157,101170,우림피티에스,2025-12-08 10:59:37.890884,11930.00,VWAP 상향 돌파 (종합점수: 0.0),,VWAP+AI,659,0.59,ATR 트레일링 스탑 (+0.59%),ALPHA_EXIT,2025-12-08 11:45:12.405986,2025-12-08 10:59,2025-12-08,LEGACY,TREND_UP,4,KOSPI_above_EMA20|KOSPI_EMA_slope_up|KOSDAQ_above_EMA20|KOSDAQ_EMA_slope_up,2025-12-07,2025-12-05,2025-12-05,False,,1.0,False,,1.0,False,,1.0,1.0
160,317240,TS트릴리온,2025-12-10 11:30:07.645637,258.00,VWAP 상향 돌파 (종합점수: 0.0),,VWAP+AI,690,0.39,ATR 트레일링 스탑 (+0.39%),ALPHA_EXIT,2025-12-10 12:35:46.117253,2025-12-10 11:30,2025-12-10,LEGACY,TREND_UP,4,KOSPI_above_EMA20|KOSPI_EMA_slope_up|KOSDAQ_above_EMA20|KOSDAQ_EMA_slope_up,2025-12-09,2025-12-09,2025-12-09,False,,1.0,False,,1.0,False,,1.0,1.0
162,317240,TS트릴리온,2025-12-10 12:37:47.771479,261.00,VWAP 상향 돌파 (종합점수: 0.0),,VWAP+AI,757,0.00,ATR 트레일링 스탑 (+0.00%),ALPHA_EXIT,2025-12-10 12:41:47.216365,2025-12-10 12:37,2025-12-10,LEGACY,TREND_UP,4,KOSPI_above_EMA20|KOSPI_EMA_slope_up|KOSDAQ_above_EMA20|KOSDAQ_EMA_slope_up,2025-12-09,2025-12-09,2025-12-09,False,,1.0,False,,1.0,False,,1.0,1.0
164,317240,TS트릴리온,2025-12-10 13:01:58.392940,261.00,VWAP 상향 돌파 (종합점수: 0.0),,VWAP+AI,781,-0.77,다중 약화 신호 (VWAP↓+EMA3↓),EXPERIMENT_EXIT,2025-12-10 13:15:01.422927,2025-12-10 13:01,2025-12-10,LEGACY,TREND_UP,4,KOSPI_above_EMA20|KOSPI_EMA_slope_up|KOSDAQ_above_EMA20|KOSDAQ_EMA_slope_up,2025-12-09,2025-12-09,2025-12-09,False,,1.0,False,,1.0,False,,1.0,1.0
166,302430,이노메트리,2025-12-10 13:43:15.120055,9210.00,VWAP 상향 돌파 (종합점수: 0.0),,VWAP+AI,823,-3.26,"Hard Stop (-3%, -3.26%)",RISK_EXIT,2025-12-10 13:51:17.721175,2025-12-10 13:43,2025-12-10,LEGACY,TREND_UP,4,KOSPI_above_EMA20|KOSPI_EMA_slope_up|KOSDAQ_above_EMA20|KOSDAQ_EMA_slope_up,2025-12-09,2025-12-09,2025-12-09,False,,1.0,False,,1.0,False,,1.0,1.0
168,030530,원익홀딩스,2025-12-11 10:07:07.097019,31800.00,VWAP 상향 돌파 (종합점수: 0.0),,VWAP+AI,607,-2.67,"Hard Stop (-3%, -2.67%)",RISK_EXIT,2025-12-11 10:27:17.298135,2025-12-11 10:07,2025-12-11,LEGACY,TREND_UP,4,KOSPI_above_EMA20|KOSPI_EMA_slope_up|KOSDAQ_above_EMA20|KOSDAQ_EMA_slope_up,2025-12-10,2025-12-10,2025-12-10,False,,1.0,False,,1.0,False,,1.0,1.0
169,105840,우진,2025-12-11 10:22:16.392879,19930.00,VWAP 상향 돌파 (종합점수: 0.0),,VWAP+AI,622,0.60,ATR 트레일링 스탑 (+0.60%),ALPHA_EXIT,2025-12-11 10:56:30.701323,2025-12-11 10:22,2025-12-11,LEGACY,TREND_UP,4,KOSPI_above_EMA20|KOSPI_EMA_slope_up|KOSDAQ_above_EMA20|KOSDAQ_EMA_slope_up,2025-12-10,2025-12-10,2025-12-10,False,,1.0,False,,1.0,False,,1.0,1.0
172,105840,우진,2025-12-11 12:57:50.104529,20350.00,VWAP 상향 돌파 (종합점수: 0.0),,VWAP+AI,777,-0.74,"시간 기반 청산 (15:00, -0.74%)",SYSTEM_EXIT,2025-12-11 15:00:49.197229,2025-12-11 12:57,2025-12-11,LEGACY,TREND_UP,4,KOSPI_above_EMA20|KOSPI_EMA_slope_up|KOSDAQ_above_EMA20|KOSDAQ_EMA_slope_up,2025-12-10,2025-12-10,2025-12-10,False,,1.0,False,,1.0,False,,1.0,1.0
173,389030,지니너스,2025-12-11 13:12:57.819174,2870.00,VWAP 상향 돌파 (종합점수: 0.0),,VWAP+AI,792,0.17,ATR 트레일링 스탑 (+0.17%),ALPHA_EXIT,2025-12-11 13:34:08.937219,2025-12-11 13:12,2025-12-11,LEGACY,TREND_UP,4,KOSPI_above_EMA20|KOSPI_EMA_slope_up|KOSDAQ_above_EMA20|KOSDAQ_EMA_slope_up,2025-12-10,2025-12-10,2025-12-10,False,,1.0,False,,1.0,False,,1.0,1.0
175,389030,지니너스,2025-12-11 13:42:13.704470,2895.00,VWAP 상향 돌파 (종합점수: 0.0),,VWAP+AI,822,0.00,ATR 트레일링 스탑 (+0.00%),ALPHA_EXIT,2025-12-11 13:55:18.330653,2025-12-11 13:42,2025-12-11,LEGACY,TREND_UP,4,KOSPI_above_EMA20|KOSPI_EMA_slope_up|KOSDAQ_above_EMA20|KOSDAQ_EMA_slope_up,2025-12-10,2025-12-10,2025-12-10,False,,1.0,False,,1.0,False,,1.0,1.0
178,217330,싸이토젠,2025-12-16 11:18:37.518695,4980.00,VWAP 상향 돌파 (종합점수: 0.0),,VWAP+AI,678,-2.71,"Hard Stop (-3%, -2.71%)",RISK_EXIT,2025-12-16 11:20:36.756733,2025-12-16 11:18,2025-12-16,LEGACY,TREND_UP,3,KOSPI_above_EMA20|KOSPI_EMA_slope_up|KOSPI_day_drop_-1.8pct|KOSDAQ_above_EMA20|KOSDAQ_EMA_slope_up,2025-12-15,2025-12-15,2025-12-15,False,,1.0,False,,1.0,False,,1.0,1.0
180,217330,싸이토젠,2025-12-16 12:18:58.244406,5060.00,VWAP 상향 돌파 (종합점수: 0.0),,VWAP+AI,738,0.79,ATR 트레일링 스탑 (+0.79%),ALPHA_EXIT,2025-12-16 12:28:01.980837,2025-12-16 12:18,2025-12-16,LEGACY,TREND_UP,3,KOSPI_above_EMA20|KOSPI_EMA_slope_up|KOSPI_day_drop_-1.8pct|KOSDAQ_above_EMA20|KOSDAQ_EMA_slope_up,2025-12-15,2025-12-15,2025-12-15,False,,1.0,False,,1.0,False,,1.0,1.0
182,217330,싸이토젠,2025-12-16 12:29:04.125145,5070.00,VWAP 상향 돌파 (종합점수: 0.0),,VWAP+AI,749,0.79,ATR 트레일링 스탑 (+0.79%),ALPHA_EXIT,2025-12-16 12:35:05.613806,2025-12-16 12:29,2025-12-16,LEGACY,TREND_UP,3,KOSPI_above_EMA20|KOSPI_EMA_slope_up|KOSPI_day_drop_-1.8pct|KOSDAQ_above_EMA20|KOSDAQ_EMA_slope_up,2025-12-15,2025-12-15,2025-12-15,False,,1.0,False,,1.0,False,,1.0,1.0
184,217330,싸이토젠,2025-12-16 12:38:08.526956,5180.00,VWAP 상향 돌파 (종합점수: 0.0),,VWAP+AI,758,-3.09,"Hard Stop (-3%, -3.09%)",RISK_EXIT,2025-12-16 12:51:27.293888,2025-12-16 12:38,2025-12-16,LEGACY,TREND_UP,3,KOSPI_above_EMA20|KOSPI_EMA_slope_up|KOSPI_day_drop_-1.8pct|KOSDAQ_above_EMA20|KOSDAQ_EMA_slope_up,2025-12-15,2025-12-15,2025-12-15,False,,1.0,False,,1.0,False,,1.0,1.0
186,039860,나노엔텍,2025-12-16 13:03:36.665507,4855.00,VWAP 상향 돌파 (종합점수: 0.0),,VWAP+AI,783,-0.62,ATR 트레일링 스탑 (-0.62%),ALPHA_EXIT,2025-12-16 13:08:37.030653,2025-12-16 13:03,2025-12-16,LEGACY,TREND_UP,3,KOSPI_above_EMA20|KOSPI_EMA_slope_up|KOSPI_day_drop_-1.8pct|KOSDAQ_above_EMA20|KOSDAQ_EMA_slope_up,2025-12-15,2025-12-15,2025-12-15,False,,1.0,False,,1.0,False,,1.0,1.0
189,295310,에이치브이엠,2025-12-18 12:54:07.926458,41650.00,VWAP 상향 돌파 (종합점수: 0.0),,VWAP+AI,774,-0.36,다중 약화 신호 (VWAP↓+EMA3↓),EXPERIMENT_EXIT,2025-12-18 13:54:42.594168,2025-12-18 12:54,2025-12-18,LEGACY,NEUTRAL,0,KOSPI_above_EMA20|KOSPI_EMA_slope_up|KOSDAQ_below_EMA20|KOSDAQ_EMA_slope_down,2025-12-17,2025-12-17,2025-12-17,False,,1.0,False,,1.0,False,,0.7,0.7
191,223250,드림씨아이에스,2025-12-19 10:16:38.149025,7560.00,VWAP 상향 돌파 (종합점수: 0.0),,VWAP+AI,616,-2.37,"🚨 Early Failure Cut (19.2분, -2.37%)",EXPERIMENT_EXIT,2025-12-19 10:58:01.117902,2025-12-19 10:16,2025-12-19,LEGACY,RISK_OFF,-5,KOSPI_below_EMA20|KOSPI_EMA_slope_down|KOSPI_day_drop_-1.5pct|KOSDAQ_below_EMA20|KOSDAQ_EMA_slope_down,2025-12-18,2025-12-18,2025-12-18,False,,1.0,False,,1.0,True,REGIME_BLOCK_RISK_OFF,0.0,
192,223250,드림씨아이에스,2025-12-19 10:38:48.546886,7610.00,VWAP 상향 돌파 (종합점수: 0.0),,VWAP+AI,638,-2.37,"🚨 Early Failure Cut (19.2분, -2.37%)",EXPERIMENT_EXIT,2025-12-19 10:58:01.117902,2025-12-19 10:38,2025-12-19,LEGACY,RISK_OFF,-5,KOSPI_below_EMA20|KOSPI_EMA_slope_down|KOSPI_day_drop_-1.5pct|KOSDAQ_below_EMA20|KOSDAQ_EMA_slope_down,2025-12-18,2025-12-18,2025-12-18,False,,1.0,False,,1.0,True,REGIME_BLOCK_RISK_OFF,0.0,
194,124500,아이티센글로벌,2025-12-23 10:03:57.545624,31000.00,VWAP 상향 돌파 (종합점수: 0.0),,VWAP+AI,603,1.29,"시간 기반 청산 (15:00, +1.29%)",SYSTEM_EXIT,2025-12-23 15:13:09.135408,2025-12-23 10:03,2025-12-23,LEGACY,TREND_UP,4,KOSPI_above_EMA20|KOSPI_EMA_slope_up|KOSDAQ_above_EMA20|KOSDAQ_EMA_slope_up,2025-12-22,2025-12-22,2025-12-22,False,,1.0,False,,1.0,False,,1.0,1.0
198,049630,재영솔루텍,2025-12-26 10:30:09.307266,4175.00,VWAP 상향 돌파 (종합점수: 0.0),,VWAP+AI,630,-1.68,"🚨 Early Failure Cut (5.0분, -1.68%)",EXPERIMENT_EXIT,2025-12-26 10:35:11.169423,2025-12-26 10:30,2025-12-26,LEGACY,NEUTRAL,0,KOSPI_above_EMA20|KOSPI_EMA_slope_up|KOSDAQ_below_EMA20|KOSDAQ_EMA_slope_down,2025-12-25,2025-12-24,2025-12-24,False,,1.0,False,,1.0,False,,0.7,0.7
201,250060,모비스,2025-12-30 10:56:23.276149,3965.00,VWAP 상향 돌파 (종합점수: 0.0),,VWAP+AI,656,-1.77,"🚨 Early Failure Cut (9.1분, -1.77%)",EXPERIMENT_EXIT,2025-12-30 11:05:28.576619,2025-12-30 10:56,2025-12-30,LEGACY,TREND_UP,4,KOSPI_above_EMA20|KOSPI_EMA_slope_up|KOSDAQ_above_EMA20|KOSDAQ_EMA_slope_up,2025-12-29,2025-12-29,2025-12-29,False,,1.0,False,,1.0,False,,1.0,1.0
202,489500,엘케이켐,2025-12-30 10:59:25.038575,35850.00,VWAP 상향 돌파 (종합점수: 0.0),,VWAP+AI,659,-2.09,"🚨 Early Failure Cut (5.0분, -2.09%)",EXPERIMENT_EXIT,2025-12-30 11:04:27.095887,2025-12-30 10:59,2025-12-30,LEGACY,TREND_UP,4,KOSPI_above_EMA20|KOSPI_EMA_slope_up|KOSDAQ_above_EMA20|KOSDAQ_EMA_slope_up,2025-12-29,2025-12-29,2025-12-29,False,,1.0,False,,1.0,False,,1.0,1.0
205,053700,삼보모터스,2025-12-30 14:04:47.281421,6630.00,VWAP 상향 돌파 (종합점수: 0.0),,VWAP+AI,844,-1.66,"🚨 Early Failure Cut (4.0분, -1.66%)",EXPERIMENT_EXIT,2025-12-30 14:08:48.454923,2025-12-30 14:04,2025-12-30,LEGACY,TREND_UP,4,KOSPI_above_EMA20|KOSPI_EMA_slope_up|KOSDAQ_above_EMA20|KOSDAQ_EMA_slope_up,2025-12-29,2025-12-29,2025-12-29,False,,1.0,False,,1.0,False,,1.0,1.0
209,318060,그래피,2026-01-02 10:15:39.808814,27050.00,VWAP 상향 돌파 (종합점수: 90.0),,VWAP+AI,615,0.90,Squeeze: dark_red 모멘텀 반전 (+0.90%),EXPERIMENT_EXIT,2026-01-02 14:00:15.386139,2026-01-02 10:15,2026-01-02,LEGACY,TREND_UP,4,KOSPI_above_EMA20|KOSPI_EMA_slope_up|KOSDAQ_above_EMA20|KOSDAQ_EMA_slope_up,2026-01-01,2025-12-30,2025-12-30,False,,1.0,False,,1.0,False,,1.0,1.0
212,318060,그래피,2026-01-02 11:45:42.761993,27900.00,VWAP 상향 돌파 (종합점수: 0.0),,VWAP+AI,705,0.90,Squeeze: dark_red 모멘텀 반전 (+0.90%),EXPERIMENT_EXIT,2026-01-02 14:00:15.386139,2026-01-02 11:45,2026-01-02,LEGACY,TREND_UP,4,KOSPI_above_EMA20|KOSPI_EMA_slope_up|KOSDAQ_above_EMA20|KOSDAQ_EMA_slope_up,2026-01-01,2025-12-30,2025-12-30,False,,1.0,False,,1.0,False,,1.0,1.0
214,452160,제이엔비,2026-01-06 14:43:06.073938,7780.00,VWAP 상향 돌파 (종합점수: 0.0),,VWAP+AI,883,-0.39,"시간 기반 청산 (15:00, -0.39%)",SYSTEM_EXIT,2026-01-06 15:00:44.572935,2026-01-06 14:43,2026-01-06,LEGACY,TREND_UP,4,KOSPI_above_EMA20|KOSPI_EMA_slope_up|KOSDAQ_above_EMA20|KOSDAQ_EMA_slope_up,2026-01-05,2026-01-05,2026-01-05,False,,1.0,False,,1.0,False,,1.0,1.0
216,489500,엘케이켐,2026-01-06 15:00:45.946681,32900.00,VWAP 상향 돌파 (종합점수: 0.0),,VWAP+AI,900,-0.30,"시간 기반 청산 (15:00, -0.30%)",SYSTEM_EXIT,2026-01-06 15:01:45.885588,2026-01-06 15:00,2026-01-06,LEGACY,TREND_UP,4,KOSPI_above_EMA20|KOSPI_EMA_slope_up|KOSDAQ_above_EMA20|KOSDAQ_EMA_slope_up,2026-01-05,2026-01-05,2026-01-05,False,,1.0,False,,1.0,False,,1.0,1.0
219,368770,파이버프로,2026-01-07 13:27:44.301920,13950.00,VWAP 상향 돌파 (종합점수: 0.0),,VWAP+AI,807,0.86,Squeeze: dark_red 모멘텀 반전 (+0.86%),EXPERIMENT_EXIT,2026-01-07 14:35:19.041841,2026-01-07 13:27,2026-01-07,LEGACY,TREND_UP,4,KOSPI_above_EMA20|KOSPI_EMA_slope_up|KOSDAQ_above_EMA20|KOSDAQ_EMA_slope_up,2026-01-06,2026-01-06,2026-01-06,False,,1.0,False,,1.0,False,,1.0,1.0
220,489500,엘케이켐,2026-01-07 14:27:17.410999,32450.00,VWAP 상향 돌파 (종합점수: 0.0),,VWAP+AI,867,-2.16,"Hard Stop (-2.0%, -2.16%) [부분청산 0차]",RISK_EXIT,2026-01-07 14:58:34.607591,2026-01-07 14:27,2026-01-07,LEGACY,TREND_UP,4,KOSPI_above_EMA20|KOSPI_EMA_slope_up|KOSDAQ_above_EMA20|KOSDAQ_EMA_slope_up,2026-01-06,2026-01-06,2026-01-06,False,,1.0,False,,1.0,False,,1.0,1.0
223,232680,라온테크,2026-01-08 10:35:19.313103,15240.00,VWAP 상향 돌파 (종합점수: 0.0),,VWAP+AI,635,-0.39,다중 약화 신호 (VWAP↓+EMA3↓),EXPERIMENT_EXIT,2026-01-08 13:43:58.376494,2026-01-08 10:35,2026-01-08,LEGACY,TREND_UP,4,KOSPI_above_EMA20|KOSPI_EMA_slope_up|KOSDAQ_above_EMA20|KOSDAQ_EMA_slope_up,2026-01-07,2026-01-07,2026-01-07,False,,1.0,False,,1.0,False,,1.0,1.0
224,368770,파이버프로,2026-01-08 11:15:38.540693,14190.00,VWAP 상향 돌파 (종합점수: 0.0),,VWAP+AI,675,-2.26,"Hard Stop (-2.0%, -2.26%) [부분청산 0차]",RISK_EXIT,2026-01-08 11:55:01.519916,2026-01-08 11:15,2026-01-08,LEGACY,TREND_UP,4,KOSPI_above_EMA20|KOSPI_EMA_slope_up|KOSDAQ_above_EMA20|KOSDAQ_EMA_slope_up,2026-01-07,2026-01-07,2026-01-07,False,,1.0,False,,1.0,False,,1.0,1.0
226,003160,디아이,2026-01-08 12:51:29.094021,29300.00,VWAP 상향 돌파 (종합점수: 0.0),,VWAP+AI,771,-1.88,"🚨 Early Failure Cut (20.2분, -1.88%)",EXPERIMENT_EXIT,2026-01-08 13:11:39.526397,2026-01-08 12:51,2026-01-08,LEGACY,TREND_UP,4,KOSPI_above_EMA20|KOSPI_EMA_slope_up|KOSDAQ_above_EMA20|KOSDAQ_EMA_slope_up,2026-01-07,2026-01-07,2026-01-07,False,,1.0,False,,1.0,False,,1.0,1.0
227,489500,엘케이켐,2026-01-08 12:57:33.147835,33350.00,VWAP 상향 돌파 (종합점수: 0.0),,VWAP+AI,777,-0.15,다중 약화 신호 (VWAP↓+EMA3↓),EXPERIMENT_EXIT,2026-01-08 14:05:07.508647,2026-01-08 12:57,2026-01-08,LEGACY,TREND_UP,4,KOSPI_above_EMA20|KOSPI_EMA_slope_up|KOSDAQ_above_EMA20|KOSDAQ_EMA_slope_up,2026-01-07,2026-01-07,2026-01-07,False,,1.0,False,,1.0,False,,1.0,1.0
231,452160,제이엔비,2026-01-08 15:15:33.080231,7450.00,VWAP 상향 돌파 (종합점수: 0.0),,VWAP+AI,915,-0.54,"시간 기반 청산 (15:00, -0.54%)",SYSTEM_EXIT,2026-01-08 15:16:34.919864,2026-01-08 15:15,2026-01-08,LEGACY,TREND_UP,4,KOSPI_above_EMA20|KOSPI_EMA_slope_up|KOSDAQ_above_EMA20|KOSDAQ_EMA_slope_up,2026-01-07,2026-01-07,2026-01-07,False,,1.0,False,,1.0,False,,1.0,1.0
234,080220,제주반도체,2026-01-09 10:28:39.536844,30650.00,VWAP 상향 돌파 (종합점수: 0.0),,VWAP+AI,628,1.47,Squeeze: dark_red 모멘텀 반전 (+1.47%),EXPERIMENT_EXIT,2026-01-09 11:42:10.614125,2026-01-09 10:28,2026-01-09,LEGACY,TREND_UP,4,KOSPI_above_EMA20|KOSPI_EMA_slope_up|KOSDAQ_above_EMA20|KOSDAQ_EMA_slope_up,2026-01-08,2026-01-08,2026-01-08,False,,1.0,False,,1.0,False,,1.0,1.0
235,396470,워트,2026-01-09 10:30:36.599619,7100.00,VWAP 상향 돌파 (종합점수: 0.0),,VWAP+AI,630,0.00,ATR 트레일링 스탑 (+0.00%),ALPHA_EXIT,2026-01-09 13:08:53.070250,2026-01-09 10:30,2026-01-09,LEGACY,TREND_UP,4,KOSPI_above_EMA20|KOSPI_EMA_slope_up|KOSDAQ_above_EMA20|KOSDAQ_EMA_slope_up,2026-01-08,2026-01-08,2026-01-08,False,,1.0,False,,1.0,False,,1.0,1.0
236,489500,엘케이켐,2026-01-09 10:41:37.278474,33400.00,VWAP 상향 돌파 (종합점수: 0.0),,VWAP+AI,641,-1.95,"🚨 Early Failure Cut (22.2분, -1.95%)",EXPERIMENT_EXIT,2026-01-09 11:03:49.080094,2026-01-09 10:41,2026-01-09,LEGACY,TREND_UP,4,KOSPI_above_EMA20|KOSPI_EMA_slope_up|KOSDAQ_above_EMA20|KOSDAQ_EMA_slope_up,2026-01-08,2026-01-08,2026-01-08,False,,1.0,False,,1.0,False,,1.0,1.0
240,489500,엘케이켐,2026-01-09 11:44:13.356252,32750.00,VWAP 상향 돌파 (종합점수: 0.0),,VWAP+AI,704,-2.14,"Hard Stop (-2.0%, -2.14%) [부분청산 0차]",RISK_EXIT,2026-01-09 14:03:24.314076,2026-01-09 11:44,2026-01-09,LEGACY,TREND_UP,4,KOSPI_above_EMA20|KOSPI_EMA_slope_up|KOSDAQ_above_EMA20|KOSDAQ_EMA_slope_up,2026-01-08,2026-01-08,2026-01-08,False,,1.0,False,,1.0,False,,1.0,1.0
241,452160,제이엔비,2026-01-09 11:57:18.968559,7400.00,VWAP 상향 돌파 (종합점수: 0.0),,VWAP+AI,717,-2.03,"Hard Stop (-2.0%, -2.03%) [부분청산 0차]",RISK_EXIT,2026-01-09 13:54:16.574314,2026-01-09 11:57,2026-01-09,LEGACY,TREND_UP,4,KOSPI_above_EMA20|KOSPI_EMA_slope_up|KOSDAQ_above_EMA20|KOSDAQ_EMA_slope_up,2026-01-08,2026-01-08,2026-01-08,False,,1.0,False,,1.0,False,,1.0,1.0
243,053700,삼보모터스,2026-01-09 13:24:59.698460,6930.00,VWAP 상향 돌파 (종합점수: 0.0),,VWAP+AI,804,-1.73,"🚨 Early Failure Cut (23.2분, -1.73%)",EXPERIMENT_EXIT,2026-01-09 13:48:11.949322,2026-01-09 13:24,2026-01-09,LEGACY,TREND_UP,4,KOSPI_above_EMA20|KOSPI_EMA_slope_up|KOSDAQ_above_EMA20|KOSDAQ_EMA_slope_up,2026-01-08,2026-01-08,2026-01-08,False,,1.0,False,,1.0,False,,1.0,1.0
248,023810,인팩,2026-01-12 15:09:07.715121,11610.00,VWAP 상향 돌파 (종합점수: 0.0),,VWAP+AI,909,2.16,"데드크로스 청산: 데드크로스 (MA5: 11946, MA10: 11985)",EXPERIMENT_EXIT,2026-01-13 09:50:34.205418,2026-01-12 15:09,2026-01-12,LEGACY,TREND_UP,4,KOSPI_above_EMA20|KOSPI_EMA_slope_up|KOSDAQ_above_EMA20|KOSDAQ_EMA_slope_up,2026-01-11,2026-01-09,2026-01-09,False,,1.0,False,,1.0,False,,1.0,1.0
250,437730,삼현,2026-01-13 10:58:18.774460,64900.00,VWAP 상향 돌파 (종합점수: 0.0),,VWAP+AI,658,-1.39,"데드크로스 청산: 데드크로스 (MA5: 64160, MA10: 64220)",EXPERIMENT_EXIT,2026-01-13 11:20:56.249355,2026-01-13 10:58,2026-01-13,LEGACY,TREND_UP,4,KOSPI_above_EMA20|KOSPI_EMA_slope_up|KOSDAQ_above_EMA20|KOSDAQ_EMA_slope_up,2026-01-12,2026-01-12,2026-01-12,False,,1.0,False,,1.0,False,,1.0,1.0
251,318060,그래피,2026-01-13 11:06:35.279110,33400.00,VWAP 상향 돌파 (종합점수: 0.0),,VWAP+AI,666,-0.75,"데드크로스 청산: 데드크로스 (MA5: 33150, MA10: 33155)",EXPERIMENT_EXIT,2026-01-13 11:35:39.498740,2026-01-13 11:06,2026-01-13,LEGACY,TREND_UP,4,KOSPI_above_EMA20|KOSPI_EMA_slope_up|KOSDAQ_above_EMA20|KOSDAQ_EMA_slope_up,2026-01-12,2026-01-12,2026-01-12,False,,1.0,False,,1.0,False,,1.0,1.0
253,389500,에스비비테크,2026-01-13 11:23:59.163368,53800.00,VWAP 상향 돌파 (종합점수: 0.0),,VWAP+AI,683,2.04,Squeeze: bright_red 모멘텀 반전 (+2.04%),EXPERIMENT_EXIT,2026-01-13 11:29:13.371880,2026-01-13 11:23,2026-01-13,LEGACY,TREND_UP,4,KOSPI_above_EMA20|KOSPI_EMA_slope_up|KOSDAQ_above_EMA20|KOSDAQ_EMA_slope_up,2026-01-12,2026-01-12,2026-01-12,False,,1.0,False,,1.0,False,,1.0,1.0
256,396470,워트,2026-01-13 11:52:11.779228,7130.00,VWAP 상향 돌파 (종합점수: 0.0),,VWAP+AI,712,-0.70,"데드크로스 청산: 데드크로스 (MA5: 7112, MA10: 7113)",EXPERIMENT_EXIT,2026-01-13 13:49:28.932667,2026-01-13 11:52,2026-01-13,LEGACY,TREND_UP,4,KOSPI_above_EMA20|KOSPI_EMA_slope_up|KOSDAQ_above_EMA20|KOSDAQ_EMA_slope_up,2026-01-12,2026-01-12,2026-01-12,False,,1.0,False,,1.0,False,,1.0,1.0
258,124500,아이티센글로벌,2026-01-13 14:32:45.870418,37350.00,VWAP 상향 돌파 (종합점수: 0.0),,VWAP+AI,872,-1.07,"시간 기반 청산 (15:00, -1.07%)",SYSTEM_EXIT,2026-01-13 15:01:16.323035,2026-01-13 14:32,2026-01-13,LEGACY,TREND_UP,4,KOSPI_above_EMA20|KOSPI_EMA_slope_up|KOSDAQ_above_EMA20|KOSDAQ_EMA_slope_up,2026-01-12,2026-01-12,2026-01-12,False,,1.0,False,,1.0,False,,1.0,1.0
260,019180,티에이치엔,2026-01-14 10:00:04.784932,9530.00,VWAP 상향 돌파 (종합점수: 0.0),,VWAP+AI,600,-1.78,"🚨 Early Failure Cut (19.1분, -1.78%)",EXPERIMENT_EXIT,2026-01-14 10:19:11.007008,2026-01-14 10:00,2026-01-14,LEGACY,TREND_UP,4,KOSPI_above_EMA20|KOSPI_EMA_slope_up|KOSDAQ_above_EMA20|KOSDAQ_EMA_slope_up,2026-01-13,2026-01-13,2026-01-13,False,,1.0,False,,1.0,False,,1.0,1.0
261,023810,인팩,2026-01-14 10:00:07.362647,12320.00,VWAP 상향 돌파 (종합점수: 0.0),,VWAP+AI,600,0.72,Squeeze: dark_red 모멘텀 반전 (+0.72%),EXPERIMENT_EXIT,2026-01-15 14:47:26.933508,2026-01-14 10:00,2026-01-14,LEGACY,TREND_UP,4,KOSPI_above_EMA20|KOSPI_EMA_slope_up|KOSDAQ_above_EMA20|KOSDAQ_EMA_slope_up,2026-01-13,2026-01-13,2026-01-13,False,,1.0,False,,1.0,False,,1.0,1.0
262,082920,비츠로셀,2026-01-14 10:01:04.300365,21100.00,VWAP 상향 돌파 (종합점수: 0.0),,VWAP+AI,601,-0.24,"5분봉 데드크로스 청산: 데드크로스 (MA5: 21090, MA10: 21095)",EXPERIMENT_EXIT,2026-01-14 10:07:33.861262,2026-01-14 10:01,2026-01-14,LEGACY,TREND_UP,4,KOSPI_above_EMA20|KOSPI_EMA_slope_up|KOSDAQ_above_EMA20|KOSDAQ_EMA_slope_up,2026-01-13,2026-01-13,2026-01-13,False,,1.0,False,,1.0,False,,1.0,1.0
265,489500,엘케이켐,2026-01-14 10:37:03.937589,29850.00,VWAP 상향 돌파 (종합점수: 0.0),,VWAP+AI,637,-0.16,"시간 기반 청산 (15:00, -0.16%)",SYSTEM_EXIT,2026-01-15 15:00:43.078405,2026-01-14 10:37,2026-01-14,LEGACY,TREND_UP,4,KOSPI_above_EMA20|KOSPI_EMA_slope_up|KOSDAQ_above_EMA20|KOSDAQ_EMA_slope_up,2026-01-13,2026-01-13,2026-01-13,False,,1.0,False,,1.0,False,,1.0,1.0
269,190510,나무가,2026-01-15 12:05:13.142192,26850.00,VWAP 상향 돌파 (종합점수: 100.0),,VWAP+AI,725,1.49,Squeeze: bright_red 모멘텀 반전 (+1.49%),EXPERIMENT_EXIT,2026-01-15 14:05:45.995289,2026-01-15 12:05,2026-01-15,LEGACY,TREND_UP,4,KOSPI_above_EMA20|KOSPI_EMA_slope_up|KOSDAQ_above_EMA20|KOSDAQ_EMA_slope_up,2026-01-14,2026-01-14,2026-01-14,False,,1.0,False,,1.0,False,,1.0,1.0
270,419080,엔젯,2026-01-15 12:07:22.685642,10060.00,VWAP 상향 돌파 (종합점수: 85.7),,VWAP+AI,727,-1.99,"🚨 Early Failure Cut (2.3분, -1.99%)",EXPERIMENT_EXIT,2026-01-15 12:09:40.328870,2026-01-15 12:07,2026-01-15,LEGACY,TREND_UP,4,KOSPI_above_EMA20|KOSPI_EMA_slope_up|KOSDAQ_above_EMA20|KOSDAQ_EMA_slope_up,2026-01-14,2026-01-14,2026-01-14,False,,1.0,False,,1.0,False,,1.0,1.0
273,023810,인팩,2026-01-15 14:07:42.986740,12470.00,VWAP 상향 돌파 (종합점수: 100.0),,VWAP+AI,847,0.72,Squeeze: dark_red 모멘텀 반전 (+0.72%),EXPERIMENT_EXIT,2026-01-15 14:47:26.933508,2026-01-15 14:07,2026-01-15,LEGACY,TREND_UP,4,KOSPI_above_EMA20|KOSPI_EMA_slope_up|KOSDAQ_above_EMA20|KOSDAQ_EMA_slope_up,2026-01-14,2026-01-14,2026-01-14,False,,1.0,False,,1.0,False,,1.0,1.0
274,489500,엘케이켐,2026-01-15 14:08:44.295241,30400.00,VWAP 상향 돌파 (종합점수: 0.0),,VWAP+AI,848,-0.16,"시간 기반 청산 (15:00, -0.16%)",SYSTEM_EXIT,2026-01-15 15:00:43.078405,2026-01-15 14:08,2026-01-15,LEGACY,TREND_UP,4,KOSPI_above_EMA20|KOSPI_EMA_slope_up|KOSDAQ_above_EMA20|KOSDAQ_EMA_slope_up,2026-01-14,2026-01-14,2026-01-14,False,,1.0,False,,1.0,False,,1.0,1.0
277,437730,삼현,2026-01-15 15:05:56.321073,65100.00,VWAP 상향 돌파 (종합점수: 100.0),,VWAP+AI,905,-0.15,"시간 기반 청산 (15:00, -0.15%)",SYSTEM_EXIT,2026-01-15 15:06:59.234434,2026-01-15 15:05,2026-01-15,LEGACY,TREND_UP,4,KOSPI_above_EMA20|KOSPI_EMA_slope_up|KOSDAQ_above_EMA20|KOSDAQ_EMA_slope_up,2026-01-14,2026-01-14,2026-01-14,False,,1.0,False,,1.0,False,,1.0,1.0
281,004310,현대약품,2026-01-16 15:10:36.149531,13320.00,VWAP 상향 돌파 (종합점수: 0.0),,VWAP+AI,910,-1.28,"시간 기반 청산 (15:00, -1.28%)",SYSTEM_EXIT,2026-01-16 15:13:06.984143,2026-01-16 15:10,2026-01-16,LEGACY,TREND_UP,4,KOSPI_above_EMA20|KOSPI_EMA_slope_up|KOSDAQ_above_EMA20|KOSDAQ_EMA_slope_up,2026-01-15,2026-01-15,2026-01-15,False,,1.0,False,,1.0,False,,1.0,1.0
285,452160,제이엔비,2026-01-20 11:12:35.200953,6930.00,11:12 30분봉 MA5/MA20 골든크로스 + Squeeze OFF + 모멘텀(lime) + 5min 진입,,VWAP+AI,672,-1.59,15:12 30분봉 데드크로스 (MA5 < MA20),EXPERIMENT_EXIT,2026-01-20 15:12:01.523145,2026-01-20 11:12,2026-01-20,LEGACY,TREND_UP,4,KOSPI_above_EMA20|KOSPI_EMA_slope_up|KOSDAQ_above_EMA20|KOSDAQ_EMA_slope_up,2026-01-19,2026-01-19,2026-01-19,False,,1.0,False,,1.0,False,,1.0,1.0
287,232680,라온테크,2026-01-21 10:49:13.327008,16365.00,10:49 30분봉 MA5/MA20 골든크로스 + Squeeze OFF + 모멘텀(lime) + 5min 진입,,VWAP+AI,649,-2.17,"11:09 🚨 Early Failure Cut (20.1분, -2.17%)",EXPERIMENT_EXIT,2026-01-21 11:09:16.716928,2026-01-21 10:49,2026-01-21,LEGACY,TREND_UP,4,KOSPI_above_EMA20|KOSPI_EMA_slope_up|KOSDAQ_above_EMA20|KOSDAQ_EMA_slope_up,2026-01-20,2026-01-20,2026-01-20,False,,1.0,False,,1.0,False,,1.0,1.0
289,298830,슈어소프트테크,2026-01-21 14:15:02.561571,8880.00,14:15 30분봉 MA5/MA20 골든크로스 + Squeeze OFF + 모멘텀(lime) + 5min 진입,,VWAP+AI,855,-3.94,"14:27 🚨 Early Failure Cut (12.0분, -3.94%)",EXPERIMENT_EXIT,2026-01-21 14:27:01.517741,2026-01-21 14:15,2026-01-21,LEGACY,TREND_UP,4,KOSPI_above_EMA20|KOSPI_EMA_slope_up|KOSDAQ_above_EMA20|KOSDAQ_EMA_slope_up,2026-01-20,2026-01-20,2026-01-20,False,,1.0,False,,1.0,False,,1.0,1.0
291,451760,컨텍,2026-01-22 12:44:55.139163,21650.00,12:44 SMC LONG: CHoCH(상승전환) + OB(bullish),,VWAP+AI,764,-1.62,"12:54 🚨 Early Failure Cut (9.6분, -1.62%)",EXPERIMENT_EXIT,2026-01-22 12:54:32.519675,2026-01-22 12:44,2026-01-22,UNKNOWN,TREND_UP,3,KOSPI_above_EMA20|KOSPI_EMA_slope_up|KOSDAQ_above_EMA20|KOSDAQ_EMA_slope_up|KOSDAQ_day_drop_-2.6pct,2026-01-21,2026-01-21,2026-01-21,False,,1.0,False,,1.0,False,,1.0,1.0
292,458870,씨어스테크놀로지,2026-01-22 12:44:56.153706,156400.00,12:44 SMC LONG: CHoCH(상승전환) + OB(bullish),,VWAP+AI,764,3.32,14:00 ATR 트레일링 스탑 (+3.32%),ALPHA_EXIT,2026-01-22 14:00:12.971558,2026-01-22 12:44,2026-01-22,UNKNOWN,TREND_UP,3,KOSPI_above_EMA20|KOSPI_EMA_slope_up|KOSDAQ_above_EMA20|KOSDAQ_EMA_slope_up|KOSDAQ_day_drop_-2.6pct,2026-01-21,2026-01-21,2026-01-21,False,,1.0,False,,1.0,False,,1.0,1.0
293,489500,엘케이켐,2026-01-22 12:44:58.633345,27100.00,12:44 SMC LONG: CHoCH(상승전환) + OB(bullish),,VWAP+AI,764,0.00,09:02 다중 약화 신호 (VWAP↓+EMA3↓),EXPERIMENT_EXIT,2026-01-23 09:02:42.695746,2026-01-22 12:44,2026-01-22,UNKNOWN,TREND_UP,3,KOSPI_above_EMA20|KOSPI_EMA_slope_up|KOSDAQ_above_EMA20|KOSDAQ_EMA_slope_up|KOSDAQ_day_drop_-2.6pct,2026-01-21,2026-01-21,2026-01-21,False,,1.0,False,,1.0,False,,1.0,1.0
296,059270,해성에어로보틱스,2026-01-22 14:00:15.788036,19490.00,14:00 SMC LONG: CHoCH(상승전환) + OB(bullish),,VWAP+AI,840,-2.59,"14:30 Hard Stop (-2.0%, -2.59%) [부분청산 0차]",RISK_EXIT,2026-01-22 14:30:31.992541,2026-01-22 14:00,2026-01-22,UNKNOWN,TREND_UP,3,KOSPI_above_EMA20|KOSPI_EMA_slope_up|KOSDAQ_above_EMA20|KOSDAQ_EMA_slope_up|KOSDAQ_day_drop_-2.6pct,2026-01-21,2026-01-21,2026-01-21,False,,1.0,False,,1.0,False,,1.0,1.0
297,007810,코리아써키트,2026-01-22 14:01:19.255267,65600.00,14:01 SMC LONG: CHoCH(상승전환) + OB(bullish),,VWAP+AI,841,-2.13,"14:57 Hard Stop (-2.0%, -2.13%) [부분청산 0차]",RISK_EXIT,2026-01-22 14:57:17.577047,2026-01-22 14:01,2026-01-22,UNKNOWN,TREND_UP,3,KOSPI_above_EMA20|KOSPI_EMA_slope_up|KOSDAQ_above_EMA20|KOSDAQ_EMA_slope_up|KOSDAQ_day_drop_-2.6pct,2026-01-21,2026-01-21,2026-01-21,False,,1.0,False,,1.0,False,,1.0,1.0
299,060280,큐렉소,2026-01-22 14:30:35.967123,18660.00,14:30 SMC LONG: CHoCH(상승전환) + OB(bullish),,VWAP+AI,870,-2.36,"14:52 🚨 Early Failure Cut (22.1분, -2.36%)",EXPERIMENT_EXIT,2026-01-22 14:52:42.699289,2026-01-22 14:30,2026-01-22,UNKNOWN,TREND_UP,3,KOSPI_above_EMA20|KOSPI_EMA_slope_up|KOSDAQ_above_EMA20|KOSDAQ_EMA_slope_up|KOSDAQ_day_drop_-2.6pct,2026-01-21,2026-01-21,2026-01-21,False,,1.0,False,,1.0,False,,1.0,1.0
306,189300,인텔리안테크,2026-01-23 10:20:14.753267,76200.00,10:20 SMC LONG: CHoCH(상승전환) + OB(bullish),,VWAP+AI,620,-2.49,"10:38 🚨 Early Failure Cut (18.4분, -2.49%)",EXPERIMENT_EXIT,2026-01-23 10:38:38.419573,2026-01-23 10:20,2026-01-23,UNKNOWN,TREND_UP,4,KOSPI_above_EMA20|KOSPI_EMA_slope_up|KOSDAQ_above_EMA20|KOSDAQ_EMA_slope_up,2026-01-22,2026-01-22,2026-01-22,False,,1.0,False,,1.0,False,,1.0,1.0
311,059120,아진엑스텍,2026-01-26 12:20:13.561399,16890.00,12:20 SMC LONG: CHoCH[A급](상승전환) + Liquidity Sweep Low + OB(bullish),,VWAP+AI,740,0.12,09:01 ATR 트레일링 스탑 (+0.12%),ALPHA_EXIT,2026-01-27 09:01:36.444322,2026-01-26 12:20,2026-01-26,A,TREND_UP,4,KOSPI_above_EMA20|KOSPI_EMA_slope_up|KOSDAQ_above_EMA20|KOSDAQ_EMA_slope_up,2026-01-25,2026-01-23,2026-01-23,False,,1.0,False,,1.0,False,,1.0,1.0
313,189300,인텔리안테크,2026-01-27 11:56:34.436407,77500.00,11:56 SMC LONG: CHoCH[A급](상승전환) + Liquidity Sweep Low + OB(bullish),,VWAP+AI,716,2.06,14:00 ATR 트레일링 스탑 (+2.06%),ALPHA_EXIT,2026-01-27 14:00:06.564190,2026-01-27 11:56,2026-01-27,A,TREND_UP,4,KOSPI_above_EMA20|KOSPI_EMA_slope_up|KOSDAQ_above_EMA20|KOSDAQ_EMA_slope_up,2026-01-26,2026-01-26,2026-01-26,False,,1.0,False,,1.0,False,,1.0,1.0
316,240810,원익IPS,2026-01-29 10:32:13.580586,103500.00,10:32 SMC LONG: CHoCH[A급](상승전환) + Liquidity Sweep Low + OB(bullish),,VWAP+AI,632,6.09,11:11 ATR 트레일링 스탑 (+6.09%),ALPHA_EXIT,2026-01-29 11:11:17.877176,2026-01-29 10:32,2026-01-29,A,TREND_UP,4,KOSPI_above_EMA20|KOSPI_EMA_slope_up|KOSDAQ_above_EMA20|KOSDAQ_EMA_slope_up,2026-01-28,2026-01-28,2026-01-28,False,,1.0,False,,1.0,False,,1.0,1.0
319,274090,켄코아에어로스페이스,2026-01-30 10:13:01.216998,28800.00,10:13 SMC LONG: CHoCH[A급](상승전환) + Liquidity Sweep Low + OB(bullish),,VWAP+AI,613,1.74,10:44 ATR 트레일링 스탑 (+1.74%),ALPHA_EXIT,2026-01-30 10:44:26.495579,2026-01-30 10:13,2026-01-30,A,TREND_UP,4,KOSPI_above_EMA20|KOSPI_EMA_slope_up|KOSDAQ_above_EMA20|KOSDAQ_EMA_slope_up,2026-01-29,2026-01-29,2026-01-29,False,,1.0,False,,1.0,False,,1.0,1.0
321,200710,에이디테크놀로지,2026-01-30 10:55:04.233690,40000.00,10:55 SMC LONG: CHoCH[A급](상승전환) + Liquidity Sweep Low + OB(bullish),,VWAP+AI,655,-1.75,"11:14 🚨 Early Failure Cut (VWAP 완전 이탈 (-2.63%), -1.75%)",EXPERIMENT_EXIT,2026-01-30 11:14:02.027919,2026-01-30 10:55,2026-01-30,A,TREND_UP,4,KOSPI_above_EMA20|KOSPI_EMA_slope_up|KOSDAQ_above_EMA20|KOSDAQ_EMA_slope_up,2026-01-29,2026-01-29,2026-01-29,False,,1.0,False,,1.0,False,,1.0,1.0
325,361390,제노코,2026-02-02 12:10:29.931595,27550.00,12:10 SMC LONG: CHoCH[A급](상승전환) + Liquidity Sweep Low + OB(bullish),,VWAP+AI,730,-2.36,"13:25 Hard Stop (-2.0%, -2.36%) [부분청산 0차]",RISK_EXIT,2026-02-02 13:25:42.560655,2026-02-02 12:10,2026-02-02,A,TREND_UP,4,KOSPI_above_EMA20|KOSPI_EMA_slope_up|KOSDAQ_above_EMA20|KOSDAQ_EMA_slope_up,2026-02-01,2026-01-30,2026-01-30,False,,1.0,False,,1.0,False,,1.0,1.0
334,047040,대우건설,2026-02-05 10:32:40.207584,5520.00,10:32 SMC LONG: CHoCH[A급](상승전환) + Liquidity Sweep Low + OB(bullish),,VWAP+AI,632,-2.17,"11:08 Hard Stop (-2.0%, -2.17%) [부분청산 0차]",RISK_EXIT,2026-02-05 11:08:36.764103,2026-02-05 10:32,2026-02-05,A,TREND_UP,4,KOSPI_above_EMA20|KOSPI_EMA_slope_up|KOSDAQ_above_EMA20|KOSDAQ_EMA_slope_up,2026-02-04,2026-02-04,2026-02-04,False,,1.0,False,,1.0,False,,1.0,1.0
335,101330,모베이스,2026-02-05 11:02:18.456558,7300.00,11:02 SMC LONG: CHoCH[A급](상승전환) + Liquidity Sweep Low + OB(bullish),,VWAP+AI,662,-3.84,"14:49 🚨 Early Failure v2 (-3.84%, 모든 조건 충족)",EXPERIMENT_EXIT,2026-02-05 14:49:51.027150,2026-02-05 11:02,2026-02-05,A,TREND_UP,4,KOSPI_above_EMA20|KOSPI_EMA_slope_up|KOSDAQ_above_EMA20|KOSDAQ_EMA_slope_up,2026-02-04,2026-02-04,2026-02-04,False,,1.0,False,,1.0,False,,1.0,1.0
338,056080,유진로봇,2026-02-06 10:44:28.847347,33900.00,10:44 SMC LONG: CHoCH[A급](상승전환) + Liquidity Sweep Low + OB(bullish),,VWAP+AI,644,-2.51,"11:00 Hard Stop (-2.0%, -2.51%) [부분청산 0차]",RISK_EXIT,2026-02-06 11:00:51.623073,2026-02-06 10:44,2026-02-06,A,NEUTRAL,2,KOSPI_above_EMA20|KOSPI_EMA_slope_up|KOSPI_day_drop_-3.9pct|KOSDAQ_above_EMA20|KOSDAQ_EMA_slope_up|KOSDAQ_day_drop_-3.6pct,2026-02-05,2026-02-05,2026-02-05,False,,1.0,False,,1.0,False,,0.7,0.7
340,095610,테스,2026-02-09 10:16:24.074047,70400.00,10:16 SMC LONG: CHoCH[A급](상승전환) + Liquidity Sweep Low + OB(bullish),,VWAP+AI,616,-1.14,"13:22 구조 손절 (69,694원, -1.14%)",RISK_EXIT,2026-02-09 13:22:42.755410,2026-02-09 10:16,2026-02-09,A,TREND_UP,3,KOSPI_above_EMA20|KOSPI_EMA_slope_up|KOSDAQ_above_EMA20|KOSDAQ_EMA_slope_up|KOSDAQ_day_drop_-2.5pct,2026-02-08,2026-02-06,2026-02-06,False,,1.0,False,,1.0,False,,1.0,1.0
341,211270,AP위성,2026-02-09 12:10:47.442446,21050.00,12:10 SMC LONG: CHoCH[A급](상승전환) + Liquidity Sweep Low + OB(bullish),,VWAP+AI,730,-0.71,"12:19 Early Failure[no_follow] 구조 (방향실패(2)+거래량고갈(1)+추종실패(1), score=4)",EXPERIMENT_EXIT,2026-02-09 12:19:30.145428,2026-02-09 12:10,2026-02-09,A,TREND_UP,3,KOSPI_above_EMA20|KOSPI_EMA_slope_up|KOSDAQ_above_EMA20|KOSDAQ_EMA_slope_up|KOSDAQ_day_drop_-2.5pct,2026-02-08,2026-02-06,2026-02-06,False,,1.0,False,,1.0,False,,1.0,1.0
345,365590,하이딥,2026-02-10 10:35:36.737982,3290.00,10:35 SMC LONG: CHoCH[A급](상승전환) + Liquidity Sweep Low + OB(bullish),,VWAP+AI,635,0.91,"10:51 구조 손절 (3,702원, 0.91%)",RISK_EXIT,2026-02-10 10:51:18.400393,2026-02-10 10:35,2026-02-10,A,TREND_UP,4,KOSPI_above_EMA20|KOSPI_EMA_slope_up|KOSDAQ_above_EMA20|KOSDAQ_EMA_slope_up,2026-02-09,2026-02-09,2026-02-09,False,,1.0,False,,1.0,False,,1.0,1.0
346,189300,인텔리안테크,2026-02-10 10:35:39.533699,123100.00,10:35 SMC LONG: CHoCH[A급](상승전환) + Liquidity Sweep Low + OB(bullish),,VWAP+AI,635,-1.14,"10:51 구조 손절 (121,967원, -1.14%)",RISK_EXIT,2026-02-10 10:51:22.412870,2026-02-10 10:35,2026-02-10,A,TREND_UP,4,KOSPI_above_EMA20|KOSPI_EMA_slope_up|KOSDAQ_above_EMA20|KOSDAQ_EMA_slope_up,2026-02-09,2026-02-09,2026-02-09,False,,1.0,False,,1.0,False,,1.0,1.0
349,281740,레이크머티리얼즈,2026-02-10 12:01:09.187712,24800.00,12:01 SMC LONG: CHoCH[A급](상승전환) + Liquidity Sweep Low + OB(bullish),,VWAP+AI,721,-0.40,"12:12 Early Failure[no_follow] 구조 (방향실패(2)+거래량고갈(1)+추종실패(1), score=4)",EXPERIMENT_EXIT,2026-02-10 12:12:00.487010,2026-02-10 12:01,2026-02-10,A,TREND_UP,4,KOSPI_above_EMA20|KOSPI_EMA_slope_up|KOSDAQ_above_EMA20|KOSDAQ_EMA_slope_up,2026-02-09,2026-02-09,2026-02-09,False,,1.0,False,,1.0,False,,1.0,1.0
352,039440,에스티아이,2026-02-10 12:42:58.328774,35450.00,12:42 SMC LONG: CHoCH[A급](상승전환) + Liquidity Sweep Low + OB(bullish),,VWAP+AI,762,0.00,"12:50 Early Failure[no_follow] 구조 (방향실패(2)+거래량고갈(1), score=3)",EXPERIMENT_EXIT,2026-02-10 12:50:19.363217,2026-02-10 12:42,2026-02-10,A,TREND_UP,4,KOSPI_above_EMA20|KOSPI_EMA_slope_up|KOSDAQ_above_EMA20|KOSDAQ_EMA_slope_up,2026-02-09,2026-02-09,2026-02-09,False,,1.0,False,,1.0,False,,1.0,1.0
355,452160,제이엔비,2026-02-13 11:40:12.175106,6570.00,11:40 SMC LONG: CHoCH[B급](상승전환) + Liquidity Sweep Low + OB(bullish),,VWAP+AI,700,-0.91,"12:39 구조 손절 (6,524원, -0.91%)",RISK_EXIT,2026-02-13 12:39:19.108176,2026-02-13 11:40,2026-02-13,B,TREND_UP,4,KOSPI_above_EMA20|KOSPI_EMA_slope_up|KOSDAQ_above_EMA20|KOSDAQ_EMA_slope_up,2026-02-12,2026-02-12,2026-02-12,False,,1.0,True,CHOCH_GRADE_BLOCK,0.0,True,CHOCH_GRADE_BLOCK,0.0,
357,474650,링크솔루션,2026-02-19 13:23:23.549506,88900.00,13:23 SMC LONG: CHoCH[B급](상승전환) + Liquidity Sweep Low + OB(bullish),,VWAP+AI,803,-1.12,"13:29 구조 손절 (88,302원, -1.12%)",RISK_EXIT,2026-02-19 13:29:27.291181,2026-02-19 13:23,2026-02-19,B,TREND_UP,4,KOSPI_above_EMA20|KOSPI_EMA_slope_up|KOSDAQ_above_EMA20|KOSDAQ_EMA_slope_up,2026-02-18,2026-02-13,2026-02-13,False,,1.0,True,CHOCH_GRADE_BLOCK,0.0,True,CHOCH_GRADE_BLOCK,0.0,
358,417840,저스템,2026-02-19 13:29:00.148733,6890.00,13:29 SMC LONG: CHoCH[B급](상승전환) + Liquidity Sweep Low + OB(bullish),,VWAP+AI,809,-0.29,"13:35 Early Failure[no_follow] 구조 (방향실패(2)+거래량고갈(1), score=3)",EXPERIMENT_EXIT,2026-02-19 13:35:38.083681,2026-02-19 13:29,2026-02-19,B,TREND_UP,4,KOSPI_above_EMA20|KOSPI_EMA_slope_up|KOSDAQ_above_EMA20|KOSDAQ_EMA_slope_up,2026-02-18,2026-02-13,2026-02-13,False,,1.0,True,CHOCH_GRADE_BLOCK,0.0,True,CHOCH_GRADE_BLOCK,0.0,
361,130660,한전산업,2026-02-25 11:08:10.799923,25350.00,11:08 SMC LONG: CHoCH[B급](상승전환) + Liquidity Sweep Low + OB(bullish),,VWAP+AI,668,-1.18,"14:42 구조 손절 (25,146원, -1.18%)",RISK_EXIT,2026-02-25 14:42:45.827362,2026-02-25 11:08,2026-02-25,B,TREND_UP,4,KOSPI_above_EMA20|KOSPI_EMA_slope_up|KOSDAQ_above_EMA20|KOSDAQ_EMA_slope_up,2026-02-24,2026-02-24,2026-02-24,False,,1.0,True,CHOCH_GRADE_BLOCK,0.0,True,CHOCH_GRADE_BLOCK,0.0,
366,218410,RFHIC,2026-03-26 10:19:04.473315,85100.00,EXPERIMENT:10:19,,VWAP+AI,619,-2.12,"10:58 Hard Stop (-2.0%, -2.12%) [부분청산 0차]",RISK_EXIT,2026-03-26 10:58:17.745335,2026-03-26 10:19,2026-03-26,LEGACY,TREND_UP,4,KOSPI_above_EMA20|KOSPI_EMA_slope_up|KOSDAQ_above_EMA20|KOSDAQ_EMA_slope_up,2026-03-25,2026-03-25,2026-03-25,False,,1.0,False,,1.0,False,,1.0,1.0
367,073490,이노와이어리스,2026-03-26 10:19:05.068062,43050.00,EXPERIMENT:10:19,,VWAP+AI,619,-2.32,"11:17 Hard Stop (-2.0%, -2.32%) [부분청산 0차]",RISK_EXIT,2026-03-26 11:17:29.497340,2026-03-26 10:19,2026-03-26,LEGACY,TREND_UP,4,KOSPI_above_EMA20|KOSPI_EMA_slope_up|KOSDAQ_above_EMA20|KOSDAQ_EMA_slope_up,2026-03-25,2026-03-25,2026-03-25,False,,1.0,False,,1.0,False,,1.0,1.0
371,078600,대주전자재료,2026-04-06 10:44:53.559182,125200.00,10:44 TREND BREAKOUT[NORMAL]: 고점돌파(124500→125200) Vol×1.7 몸통64% 점수5/5 이격1.3%,,VWAP+AI,644,-1.36,"10:50 Early Failure[no_follow] 구조 (방향실패(2)+거래량고갈(1), score=3)",EXPERIMENT_EXIT,2026-04-06 10:50:56.438217,2026-04-06 10:44,2026-04-06,LEGACY,RISK_OFF,-4,KOSPI_below_EMA20|KOSPI_EMA_slope_down|KOSDAQ_below_EMA20|KOSDAQ_EMA_slope_down,2026-04-05,2026-04-03,2026-04-03,False,,1.0,False,,1.0,True,REGIME_BLOCK_RISK_OFF,0.0,
376,160980,싸이맥스,2026-04-14 10:43:58.851498,28600.00,EXPLORATION:10:43 돌파(28400→28600 +0.70%) RVOL=4.6x,,VWAP+AI,643,-2.10,"12:55 Hard Stop (-2.0%, -2.10%) [부분청산 0차]",RISK_EXIT,2026-04-14 12:55:12.711129,2026-04-14 10:43,2026-04-14,LEGACY,TREND_UP,4,KOSPI_above_EMA20|KOSPI_EMA_slope_up|KOSDAQ_above_EMA20|KOSDAQ_EMA_slope_up,2026-04-13,2026-04-13,2026-04-13,False,,1.0,False,,1.0,False,,1.0,1.0
377,082920,비츠로셀,2026-04-14 11:03:11.757511,44700.00,EXPLORATION:11:03 돌파(44500→44700 +0.45%) RVOL=2.6x,,VWAP+AI,663,0.00,"14:50 오버나이트 차단 (CHoCH B급, 당일 강제 청산)",SYSTEM_EXIT,2026-04-14 14:50:00.595136,2026-04-14 11:03,2026-04-14,LEGACY,TREND_UP,4,KOSPI_above_EMA20|KOSPI_EMA_slope_up|KOSDAQ_above_EMA20|KOSDAQ_EMA_slope_up,2026-04-13,2026-04-13,2026-04-13,False,,1.0,False,,1.0,False,,1.0,1.0
378,396470,워트,2026-04-14 12:28:20.405866,7470.00,12:28 TREND BREAKOUT[NORMAL]: 고점돌파(7450→7470) Vol×3.4 몸통67% 점수5/5 이격0.9%,,VWAP+AI,748,-0.27,"12:33 Early Failure[no_follow] 구조 (방향실패(2)+거래량고갈(1)+추종실패(1), score=4)",EXPERIMENT_EXIT,2026-04-14 12:33:22.401602,2026-04-14 12:28,2026-04-14,LEGACY,TREND_UP,4,KOSPI_above_EMA20|KOSPI_EMA_slope_up|KOSDAQ_above_EMA20|KOSDAQ_EMA_slope_up,2026-04-13,2026-04-13,2026-04-13,False,,1.0,False,,1.0,False,,1.0,1.0
383,070300,엑스큐어,2026-04-15 12:25:27.916456,2915.00,EXPLORATION:12:25 돌파(2900→2915 +0.52%) RVOL=3.0x,,VWAP+AI,745,0.00,"14:50 오버나이트 차단 (CHoCH B급, 당일 강제 청산)",SYSTEM_EXIT,2026-04-15 14:50:00.361216,2026-04-15 12:25,2026-04-15,LEGACY,TREND_UP,4,KOSPI_above_EMA20|KOSPI_EMA_slope_up|KOSDAQ_above_EMA20|KOSDAQ_EMA_slope_up,2026-04-14,2026-04-14,2026-04-14,False,,1.0,False,,1.0,False,,1.0,1.0
384,037030,파워넷,2026-04-15 12:56:44.333299,8640.00,EXPLORATION:12:56 돌파(8590→8640 +0.58%) RVOL=2.1x,,VWAP+AI,776,-0.69,"13:05 Early Failure[no_follow] 구조 (방향실패(2)+거래량고갈(1)+추종실패(1), score=4)",EXPERIMENT_EXIT,2026-04-15 13:05:17.163676,2026-04-15 12:56,2026-04-15,LEGACY,TREND_UP,4,KOSPI_above_EMA20|KOSPI_EMA_slope_up|KOSDAQ_above_EMA20|KOSDAQ_EMA_slope_up,2026-04-14,2026-04-14,2026-04-14,False,,1.0,False,,1.0,False,,1.0,1.0
388,294630,서남,2026-04-16 11:24:12.491252,6030.00,EXPLORATION:11:24 돌파(5980→6030 +0.84%) RVOL=2.2x,,VWAP+AI,684,-0.33,"11:29 Early Failure[no_follow] 구조 (방향실패(2)+거래량고갈(1), score=3)",EXPERIMENT_EXIT,2026-04-16 11:29:32.074076,2026-04-16 11:24,2026-04-16,LEGACY,TREND_UP,4,KOSPI_above_EMA20|KOSPI_EMA_slope_up|KOSDAQ_above_EMA20|KOSDAQ_EMA_slope_up,2026-04-15,2026-04-15,2026-04-15,False,,1.0,False,,1.0,False,,1.0,1.0
414,458650,성우,2026-05-11 12:49:16.257019,13820.00,EXPLORATION:12:49 돌파(13770→13820 +0.36%) RVOL=16.9x,0.2925,VWAP+AI,769,-0.58,13:19 MFE부족 (30분 후 MFE=0.14%<0.2%),EXPERIMENT_EXIT,2026-05-11 13:19:39.580311,2026-05-11 12:49,2026-05-11,LEGACY,TREND_UP,4,KOSPI_above_EMA20|KOSPI_EMA_slope_up|KOSDAQ_above_EMA20|KOSDAQ_EMA_slope_up,2026-05-10,2026-05-08,2026-05-08,False,,1.0,False,,1.0,False,,1.0,1.0
416,006400,삼성SDI,2026-05-12 09:00:05.393585,684000.00,SWING:pullback score=7.0,,SWING,540,-6.95,09:00 [HARD_STOP] -5.0% (-6.95%),RISK_EXIT,2026-05-13 09:00:09.283101,2026-05-12 09:00,2026-05-12,LEGACY,TREND_UP,4,KOSPI_above_EMA20|KOSPI_EMA_slope_up|KOSDAQ_above_EMA20|KOSDAQ_EMA_slope_up,2026-05-11,2026-05-11,2026-05-11,False,,1.0,True,EARLY_WINDOW_BLOCK,0.0,True,EARLY_WINDOW_BLOCK,0.0,
427,005930,삼성전자,2026-07-01 09:00:04.426397,334000.00,SWING:pullback score=5.0,,SWING,540,-4.64,"14:50 오버나이트 차단 (손실-4.64%<-3.0%, B급+손실-4.64%<-1.5%)",SYSTEM_EXIT,2026-07-01 14:50:00.750853,2026-07-01 09:00,2026-07-01,LEGACY,NEUTRAL,0,KOSPI_above_EMA20|KOSPI_EMA_slope_up|KOSDAQ_below_EMA20|KOSDAQ_EMA_slope_down,2026-06-30,2026-06-30,2026-06-30,False,,1.0,True,EARLY_WINDOW_BLOCK,0.0,True,EARLY_WINDOW_BLOCK,0.0,
