trade_id,stock_code,stock_name,buy_price,entry_reason,condition_name,entry_min,profit_rate,exit_reason,exit_category,hold_hours,buy_time_str,entry_date,choch_grade,exit_type,time_bucket,is_win,is_alpha,regime,regime_score,regime_reasons,regime_cutoff,kospi_last,kosdaq_last,v132_blocked,v132_reason,v14_blocked,v14_reason,v14_size,pnl,adj_pnl
121,009420,한올바이오파마,45750.00,VWAP 상향 돌파 (종합점수: 0.0),VWAP+AI,657,-0.66,"🚨 Early Failure Cut (4.1분, -0.66%)",EXPERIMENT_EXIT,0.06909182972222222,2025-11-28 10:57,2025-11-28,LEGACY_VWAP,EF,10:30~12:00,False,False,NEUTRAL,0,KOSPI_above_EMA20|KOSPI_slope_up|KOSDAQ_below_EMA20|KOSDAQ_slope_down,2025-11-27,2025-11-27,2025-11-27,False,,False,,0.7,-0.66,-0.46199999999999997
123,476060,온코닉테라퓨틱스,20750.00,VWAP 상향 돌파 (종합점수: 0.0),VWAP+AI,755,1.45,ATR 트레일링 스탑 (+1.45%),ALPHA_EXIT,0.5541006661111111,2025-11-28 12:35,2025-11-28,LEGACY_VWAP,ALPHA,12:00~13:30,True,True,NEUTRAL,0,KOSPI_above_EMA20|KOSPI_slope_up|KOSDAQ_below_EMA20|KOSDAQ_slope_down,2025-11-27,2025-11-27,2025-11-27,False,,False,,0.7,1.45,1.015
124,448900,한국피아이엠,54600.00,VWAP 상향 돌파 (종합점수: 0.0),VWAP+AI,755,1.28,ATR 트레일링 스탑 (+1.28%),ALPHA_EXIT,0.6547315852777778,2025-11-28 12:35,2025-11-28,LEGACY_VWAP,ALPHA,12:00~13:30,True,True,NEUTRAL,0,KOSPI_above_EMA20|KOSPI_slope_up|KOSDAQ_below_EMA20|KOSDAQ_slope_down,2025-11-27,2025-11-27,2025-11-27,False,,False,,0.7,1.28,0.8959999999999999
125,009420,한올바이오파마,46100.00,VWAP 상향 돌파 (종합점수: 0.0),VWAP+AI,756,1.52,ATR 트레일링 스탑 (+1.52%),ALPHA_EXIT,0.9067961425,2025-11-28 12:36,2025-11-28,LEGACY_VWAP,ALPHA,12:00~13:30,True,True,NEUTRAL,0,KOSPI_above_EMA20|KOSPI_slope_up|KOSDAQ_below_EMA20|KOSDAQ_slope_down,2025-11-27,2025-11-27,2025-11-27,False,,False,,0.7,1.52,1.0639999999999998
126,318060,그래피,20050.00,VWAP 상향 돌파 (종합점수: 0.0),VWAP+AI,756,-0.75,"🚨 Early Failure Cut (3.0분, -0.75%)",EXPERIMENT_EXIT,0.049728173333333334,2025-11-28 12:36,2025-11-28,LEGACY_VWAP,EF,12:00~13:30,False,False,NEUTRAL,0,KOSPI_above_EMA20|KOSPI_slope_up|KOSDAQ_below_EMA20|KOSDAQ_slope_down,2025-11-27,2025-11-27,2025-11-27,False,,False,,0.7,-0.75,-0.5249999999999999
128,950160,코오롱티슈진,85900.00,VWAP 상향 돌파 (종합점수: 0.0),VWAP+AI,760,0.93,ATR 트레일링 스탑 (+0.93%),ALPHA_EXIT,0.6892736913888889,2025-11-28 12:40,2025-11-28,LEGACY_VWAP,ALPHA,12:00~13:30,True,True,NEUTRAL,0,KOSPI_above_EMA20|KOSPI_slope_up|KOSDAQ_below_EMA20|KOSDAQ_slope_down,2025-11-27,2025-11-27,2025-11-27,False,,False,,0.7,0.93,0.651
133,448900,한국피아이엠,60600.00,VWAP 상향 돌파 (종합점수: 0.0),VWAP+AI,571,-0.83,"🚨 Early Failure Cut (2.0분, -0.83%)",EXPERIMENT_EXIT,0.03394090444444445,2025-12-01 09:31,2025-12-01,LEGACY_VWAP,EF,09:30~10:30,False,False,NEUTRAL,-1,KOSPI_below_EMA20|KOSPI_slope_down|KOSPI_drop_-1.5pct|KOSDAQ_above_EMA20|KOSDAQ_slope_up,2025-11-30,2025-11-28,2025-11-28,False,,False,,0.7,-0.83,-0.581
136,318060,그래피,20100.00,VWAP 상향 돌파 (종합점수: 0.0),VWAP+AI,583,-0.60,"🚨 Early Failure Cut (2.0분, -0.60%)",EXPERIMENT_EXIT,0.03355353472222222,2025-12-01 09:43,2025-12-01,LEGACY_VWAP,EF,09:30~10:30,False,False,NEUTRAL,-1,KOSPI_below_EMA20|KOSPI_slope_down|KOSPI_drop_-1.5pct|KOSDAQ_above_EMA20|KOSDAQ_slope_up,2025-11-30,2025-11-28,2025-11-28,False,,False,,0.7,-0.6,-0.42
137,058610,에스피지,63300.00,VWAP 상향 돌파 (종합점수: 0.0),VWAP+AI,585,-0.63,"🚨 Early Failure Cut (6.0분, -0.63%)",EXPERIMENT_EXIT,0.10025880277777778,2025-12-01 09:45,2025-12-01,LEGACY_VWAP,EF,09:30~10:30,False,False,NEUTRAL,-1,KOSPI_below_EMA20|KOSPI_slope_down|KOSPI_drop_-1.5pct|KOSDAQ_above_EMA20|KOSDAQ_slope_up,2025-11-30,2025-11-28,2025-11-28,False,,False,,0.7,-0.63,-0.44099999999999995
139,092200,디아이씨,9540.00,VWAP 상향 돌파 (종합점수: 0.0),VWAP+AI,587,-0.52,"🚨 Early Failure Cut (1.0분, -0.52%)",EXPERIMENT_EXIT,0.016666214166666665,2025-12-01 09:47,2025-12-01,LEGACY_VWAP,EF,09:30~10:30,False,False,NEUTRAL,-1,KOSPI_below_EMA20|KOSPI_slope_down|KOSPI_drop_-1.5pct|KOSDAQ_above_EMA20|KOSDAQ_slope_up,2025-11-30,2025-11-28,2025-11-28,False,,False,,0.7,-0.52,-0.364
143,200470,에이팩트,5830.00,VWAP 상향 돌파 (종합점수: 0.0),VWAP+AI,572,-1.20,"🚨 Early Failure Cut (1.0분, -1.20%)",EXPERIMENT_EXIT,0.01644703722222222,2025-12-03 09:32,2025-12-03,LEGACY_VWAP,EF,09:30~10:30,False,False,TREND_UP,4,KOSPI_above_EMA20|KOSPI_slope_up|KOSDAQ_above_EMA20|KOSDAQ_slope_up,2025-12-02,2025-12-02,2025-12-02,False,,False,,1.0,-1.2,-1.2
145,318060,그래피,23050.00,VWAP 상향 돌파 (종합점수: 0.0),VWAP+AI,574,-1.08,"🚨 Early Failure Cut (4.0분, -1.08%)",EXPERIMENT_EXIT,0.06714152888888889,2025-12-03 09:34,2025-12-03,LEGACY_VWAP,EF,09:30~10:30,False,False,TREND_UP,4,KOSPI_above_EMA20|KOSPI_slope_up|KOSDAQ_above_EMA20|KOSDAQ_slope_up,2025-12-02,2025-12-02,2025-12-02,False,,False,,1.0,-1.08,-1.08
147,460940,피앤에스로보틱스,13830.00,VWAP 상향 돌파 (종합점수: 0.0),VWAP+AI,696,-1.08,"🚨 Early Failure Cut (2.0분, -1.08%)",EXPERIMENT_EXIT,0.03276869194444444,2025-12-03 11:36,2025-12-03,LEGACY_VWAP,EF,10:30~12:00,False,False,TREND_UP,4,KOSPI_above_EMA20|KOSPI_slope_up|KOSDAQ_above_EMA20|KOSDAQ_slope_up,2025-12-02,2025-12-02,2025-12-02,False,,False,,1.0,-1.08,-1.08
150,013360,일성건설,2370.00,VWAP 상향 돌파 (종합점수: 0.0),VWAP+AI,658,-0.84,"🚨 Early Failure Cut (5.1분, -0.84%)",EXPERIMENT_EXIT,0.08446798638888889,2025-12-05 10:58,2025-12-05,LEGACY_VWAP,EF,10:30~12:00,False,False,TREND_UP,4,KOSPI_above_EMA20|KOSPI_slope_up|KOSDAQ_above_EMA20|KOSDAQ_slope_up,2025-12-04,2025-12-04,2025-12-04,False,,False,,1.0,-0.84,-0.84
153,105840,우진,18740.00,VWAP 상향 돌파 (종합점수: 0.0),VWAP+AI,863,0.43,"시간 기반 청산 (15:00, +0.43%)",SYSTEM_EXIT,0.6216827991666667,2025-12-05 14:23,2025-12-05,LEGACY_VWAP,TIME_EXIT,13:30~15:00,True,False,TREND_UP,4,KOSPI_above_EMA20|KOSPI_slope_up|KOSDAQ_above_EMA20|KOSDAQ_slope_up,2025-12-04,2025-12-04,2025-12-04,False,,False,,1.0,0.43,0.43
155,474650,링크솔루션,51500.00,VWAP 상향 돌파 (종합점수: 0.0),VWAP+AI,621,-2.91,"Hard Stop (-3%, -2.91%)",RISK_EXIT,0.05007569138888889,2025-12-08 10:21,2025-12-08,LEGACY_VWAP,HARD_STOP,09:30~10:30,False,False,TREND_UP,4,KOSPI_above_EMA20|KOSPI_slope_up|KOSDAQ_above_EMA20|KOSDAQ_slope_up,2025-12-07,2025-12-05,2025-12-05,False,,False,,1.0,-2.91,-2.91
157,101170,우림피티에스,11930.00,VWAP 상향 돌파 (종합점수: 0.0),VWAP+AI,659,0.59,ATR 트레일링 스탑 (+0.59%),ALPHA_EXIT,0.7595875283333333,2025-12-08 10:59,2025-12-08,LEGACY_VWAP,ALPHA,10:30~12:00,True,True,TREND_UP,4,KOSPI_above_EMA20|KOSPI_slope_up|KOSDAQ_above_EMA20|KOSDAQ_slope_up,2025-12-07,2025-12-05,2025-12-05,False,,False,,1.0,0.59,0.59
160,317240,TS트릴리온,258.00,VWAP 상향 돌파 (종합점수: 0.0),VWAP+AI,690,0.39,ATR 트레일링 스탑 (+0.39%),ALPHA_EXIT,1.0940198933333334,2025-12-10 11:30,2025-12-10,LEGACY_VWAP,ALPHA,10:30~12:00,True,True,TREND_UP,4,KOSPI_above_EMA20|KOSPI_slope_up|KOSDAQ_above_EMA20|KOSDAQ_slope_up,2025-12-09,2025-12-09,2025-12-09,False,,False,,1.0,0.39,0.39
162,317240,TS트릴리온,261.00,VWAP 상향 돌파 (종합점수: 0.0),VWAP+AI,757,0.00,ATR 트레일링 스탑 (+0.00%),ALPHA_EXIT,0.06651246833333334,2025-12-10 12:37,2025-12-10,LEGACY_VWAP,ALPHA,12:00~13:30,False,True,TREND_UP,4,KOSPI_above_EMA20|KOSPI_slope_up|KOSDAQ_above_EMA20|KOSDAQ_slope_up,2025-12-09,2025-12-09,2025-12-09,False,,False,,1.0,0.0,0.0
164,317240,TS트릴리온,261.00,VWAP 상향 돌파 (종합점수: 0.0),VWAP+AI,781,-0.77,다중 약화 신호 (VWAP↓+EMA3↓),EXPERIMENT_EXIT,0.21750832972222223,2025-12-10 13:01,2025-12-10,LEGACY_VWAP,EF_OTHER,12:00~13:30,False,False,TREND_UP,4,KOSPI_above_EMA20|KOSPI_slope_up|KOSDAQ_above_EMA20|KOSDAQ_slope_up,2025-12-09,2025-12-09,2025-12-09,False,,False,,1.0,-0.77,-0.77
166,302430,이노메트리,9210.00,VWAP 상향 돌파 (종합점수: 0.0),VWAP+AI,823,-3.26,"Hard Stop (-3%, -3.26%)",RISK_EXIT,0.13405586666666666,2025-12-10 13:43,2025-12-10,LEGACY_VWAP,HARD_STOP,13:30~15:00,False,False,TREND_UP,4,KOSPI_above_EMA20|KOSPI_slope_up|KOSDAQ_above_EMA20|KOSDAQ_slope_up,2025-12-09,2025-12-09,2025-12-09,False,,False,,1.0,-3.26,-3.26
168,030530,원익홀딩스,31800.00,VWAP 상향 돌파 (종합점수: 0.0),VWAP+AI,607,-2.67,"Hard Stop (-3%, -2.67%)",RISK_EXIT,0.3361669766666667,2025-12-11 10:07,2025-12-11,LEGACY_VWAP,HARD_STOP,09:30~10:30,False,False,TREND_UP,4,KOSPI_above_EMA20|KOSPI_slope_up|KOSDAQ_above_EMA20|KOSDAQ_slope_up,2025-12-10,2025-12-10,2025-12-10,False,,False,,1.0,-2.67,-2.67
169,105840,우진,19930.00,VWAP 상향 돌파 (종합점수: 0.0),VWAP+AI,622,0.60,ATR 트레일링 스탑 (+0.60%),ALPHA_EXIT,0.5706412344444445,2025-12-11 10:22,2025-12-11,LEGACY_VWAP,ALPHA,09:30~10:30,True,True,TREND_UP,4,KOSPI_above_EMA20|KOSPI_slope_up|KOSDAQ_above_EMA20|KOSDAQ_slope_up,2025-12-10,2025-12-10,2025-12-10,False,,False,,1.0,0.6,0.6
172,105840,우진,20350.00,VWAP 상향 돌파 (종합점수: 0.0),VWAP+AI,777,-0.74,"시간 기반 청산 (15:00, -0.74%)",SYSTEM_EXIT,2.0497479722222223,2025-12-11 12:57,2025-12-11,LEGACY_VWAP,TIME_EXIT,12:00~13:30,False,False,TREND_UP,4,KOSPI_above_EMA20|KOSPI_slope_up|KOSDAQ_above_EMA20|KOSDAQ_slope_up,2025-12-10,2025-12-10,2025-12-10,False,,False,,1.0,-0.74,-0.74
173,389030,지니너스,2870.00,VWAP 상향 돌파 (종합점수: 0.0),VWAP+AI,792,0.17,ATR 트레일링 스탑 (+0.17%),ALPHA_EXIT,0.3530883458333333,2025-12-11 13:12,2025-12-11,LEGACY_VWAP,ALPHA,12:00~13:30,True,True,TREND_UP,4,KOSPI_above_EMA20|KOSPI_slope_up|KOSDAQ_above_EMA20|KOSDAQ_slope_up,2025-12-10,2025-12-10,2025-12-10,False,,False,,1.0,0.17,0.17
175,389030,지니너스,2895.00,VWAP 상향 돌파 (종합점수: 0.0),VWAP+AI,822,0.00,ATR 트레일링 스탑 (+0.00%),ALPHA_EXIT,0.2179517175,2025-12-11 13:42,2025-12-11,LEGACY_VWAP,ALPHA,13:30~15:00,False,True,TREND_UP,4,KOSPI_above_EMA20|KOSPI_slope_up|KOSDAQ_above_EMA20|KOSDAQ_slope_up,2025-12-10,2025-12-10,2025-12-10,False,,False,,1.0,0.0,0.0
178,217330,싸이토젠,4980.00,VWAP 상향 돌파 (종합점수: 0.0),VWAP+AI,678,-2.71,"Hard Stop (-3%, -2.71%)",RISK_EXIT,0.03312167722222222,2025-12-16 11:18,2025-12-16,LEGACY_VWAP,HARD_STOP,10:30~12:00,False,False,TREND_UP,3,KOSPI_above_EMA20|KOSPI_slope_up|KOSPI_drop_-1.8pct|KOSDAQ_above_EMA20|KOSDAQ_slope_up,2025-12-15,2025-12-15,2025-12-15,False,,False,,1.0,-2.71,-2.71
180,217330,싸이토젠,5060.00,VWAP 상향 돌파 (종합점수: 0.0),VWAP+AI,738,0.79,ATR 트레일링 스탑 (+0.79%),ALPHA_EXIT,0.1510378975,2025-12-16 12:18,2025-12-16,LEGACY_VWAP,ALPHA,12:00~13:30,True,True,TREND_UP,3,KOSPI_above_EMA20|KOSPI_slope_up|KOSPI_drop_-1.8pct|KOSDAQ_above_EMA20|KOSDAQ_slope_up,2025-12-15,2025-12-15,2025-12-15,False,,False,,1.0,0.79,0.79
182,217330,싸이토젠,5070.00,VWAP 상향 돌파 (종합점수: 0.0),VWAP+AI,749,0.79,ATR 트레일링 스탑 (+0.79%),ALPHA_EXIT,0.10041351694444445,2025-12-16 12:29,2025-12-16,LEGACY_VWAP,ALPHA,12:00~13:30,True,True,TREND_UP,3,KOSPI_above_EMA20|KOSPI_slope_up|KOSPI_drop_-1.8pct|KOSDAQ_above_EMA20|KOSDAQ_slope_up,2025-12-15,2025-12-15,2025-12-15,False,,False,,1.0,0.79,0.79
184,217330,싸이토젠,5180.00,VWAP 상향 돌파 (종합점수: 0.0),VWAP+AI,758,-3.09,"Hard Stop (-3%, -3.09%)",RISK_EXIT,0.22187970333333334,2025-12-16 12:38,2025-12-16,LEGACY_VWAP,HARD_STOP,12:00~13:30,False,False,TREND_UP,3,KOSPI_above_EMA20|KOSPI_slope_up|KOSPI_drop_-1.8pct|KOSDAQ_above_EMA20|KOSDAQ_slope_up,2025-12-15,2025-12-15,2025-12-15,False,,False,,1.0,-3.09,-3.09
186,039860,나노엔텍,4855.00,VWAP 상향 돌파 (종합점수: 0.0),VWAP+AI,783,-0.62,ATR 트레일링 스탑 (-0.62%),ALPHA_EXIT,0.08343476277777778,2025-12-16 13:03,2025-12-16,LEGACY_VWAP,ALPHA,12:00~13:30,False,True,TREND_UP,3,KOSPI_above_EMA20|KOSPI_slope_up|KOSPI_drop_-1.8pct|KOSDAQ_above_EMA20|KOSDAQ_slope_up,2025-12-15,2025-12-15,2025-12-15,False,,False,,1.0,-0.62,-0.62
189,295310,에이치브이엠,41650.00,VWAP 상향 돌파 (종합점수: 0.0),VWAP+AI,774,-0.36,다중 약화 신호 (VWAP↓+EMA3↓),EXPERIMENT_EXIT,1.0096299194444445,2025-12-18 12:54,2025-12-18,LEGACY_VWAP,EF_OTHER,12:00~13:30,False,False,NEUTRAL,0,KOSPI_above_EMA20|KOSPI_slope_up|KOSDAQ_below_EMA20|KOSDAQ_slope_down,2025-12-17,2025-12-17,2025-12-17,False,,False,,0.7,-0.36,-0.252
191,223250,드림씨아이에스,7560.00,VWAP 상향 돌파 (종합점수: 0.0),VWAP+AI,616,-2.37,"🚨 Early Failure Cut (19.2분, -2.37%)",EXPERIMENT_EXIT,0.6897135769444445,2025-12-19 10:16,2025-12-19,LEGACY_VWAP,EF,09:30~10:30,False,False,RISK_OFF,-5,KOSPI_below_EMA20|KOSPI_slope_down|KOSPI_drop_-1.5pct|KOSDAQ_below_EMA20|KOSDAQ_slope_down,2025-12-18,2025-12-18,2025-12-18,False,,True,REGIME_BLOCK_RISK_OFF,0.0,-2.37,
192,223250,드림씨아이에스,7610.00,VWAP 상향 돌파 (종합점수: 0.0),VWAP+AI,638,-2.37,"🚨 Early Failure Cut (19.2분, -2.37%)",EXPERIMENT_EXIT,0.3201586155555556,2025-12-19 10:38,2025-12-19,LEGACY_VWAP,EF,10:30~12:00,False,False,RISK_OFF,-5,KOSPI_below_EMA20|KOSPI_slope_down|KOSPI_drop_-1.5pct|KOSDAQ_below_EMA20|KOSDAQ_slope_down,2025-12-18,2025-12-18,2025-12-18,False,,True,REGIME_BLOCK_RISK_OFF,0.0,-2.37,
194,124500,아이티센글로벌,31000.00,VWAP 상향 돌파 (종합점수: 0.0),VWAP+AI,603,1.29,"시간 기반 청산 (15:00, +1.29%)",SYSTEM_EXIT,5.153219384444444,2025-12-23 10:03,2025-12-23,LEGACY_VWAP,TIME_EXIT,09:30~10:30,True,False,TREND_UP,4,KOSPI_above_EMA20|KOSPI_slope_up|KOSDAQ_above_EMA20|KOSDAQ_slope_up,2025-12-22,2025-12-22,2025-12-22,False,,False,,1.0,1.29,1.29
198,049630,재영솔루텍,4175.00,VWAP 상향 돌파 (종합점수: 0.0),VWAP+AI,630,-1.68,"🚨 Early Failure Cut (5.0분, -1.68%)",EXPERIMENT_EXIT,0.08385059916666666,2025-12-26 10:30,2025-12-26,LEGACY_VWAP,EF,10:30~12:00,False,False,NEUTRAL,0,KOSPI_above_EMA20|KOSPI_slope_up|KOSDAQ_below_EMA20|KOSDAQ_slope_down,2025-12-25,2025-12-24,2025-12-24,False,,False,,0.7,-1.68,-1.176
201,250060,모비스,3965.00,VWAP 상향 돌파 (종합점수: 0.0),VWAP+AI,656,-1.77,"🚨 Early Failure Cut (9.1분, -1.77%)",EXPERIMENT_EXIT,0.1514723527777778,2025-12-30 10:56,2025-12-30,LEGACY_VWAP,EF,10:30~12:00,False,False,TREND_UP,4,KOSPI_above_EMA20|KOSPI_slope_up|KOSDAQ_above_EMA20|KOSDAQ_slope_up,2025-12-29,2025-12-29,2025-12-29,False,,False,,1.0,-1.77,-1.77
202,489500,엘케이켐,35850.00,VWAP 상향 돌파 (종합점수: 0.0),VWAP+AI,659,-2.09,"🚨 Early Failure Cut (5.0분, -2.09%)",EXPERIMENT_EXIT,0.08390480888888889,2025-12-30 10:59,2025-12-30,LEGACY_VWAP,EF,10:30~12:00,False,False,TREND_UP,4,KOSPI_above_EMA20|KOSPI_slope_up|KOSDAQ_above_EMA20|KOSDAQ_slope_up,2025-12-29,2025-12-29,2025-12-29,False,,False,,1.0,-2.09,-2.09
205,053700,삼보모터스,6630.00,VWAP 상향 돌파 (종합점수: 0.0),VWAP+AI,844,-1.66,"🚨 Early Failure Cut (4.0분, -1.66%)",EXPERIMENT_EXIT,0.06699263944444445,2025-12-30 14:04,2025-12-30,LEGACY_VWAP,EF,13:30~15:00,False,False,TREND_UP,4,KOSPI_above_EMA20|KOSPI_slope_up|KOSDAQ_above_EMA20|KOSDAQ_slope_up,2025-12-29,2025-12-29,2025-12-29,False,,False,,1.0,-1.66,-1.66
207,232680,라온테크,14610.00,VWAP 상향 돌파 (종합점수: 0.0),VWAP+AI,601,-0.39,다중 약화 신호 (VWAP↓+EMA3↓),EXPERIMENT_EXIT,147.71547185972221,2026-01-02 10:01,2026-01-02,LEGACY_VWAP,EF_OTHER,09:30~10:30,False,False,TREND_UP,4,KOSPI_above_EMA20|KOSPI_slope_up|KOSDAQ_above_EMA20|KOSDAQ_slope_up,2026-01-01,2025-12-30,2025-12-30,False,,False,,1.0,-0.39,-0.39
208,080220,제주반도체,27000.00,VWAP 상향 돌파 (종합점수: 0.0),VWAP+AI,601,1.47,Squeeze: dark_red 모멘텀 반전 (+1.47%),EXPERIMENT_EXIT,169.6847649722222,2026-01-02 10:01,2026-01-02,LEGACY_VWAP,SQUEEZE,09:30~10:30,True,False,TREND_UP,4,KOSPI_above_EMA20|KOSPI_slope_up|KOSDAQ_above_EMA20|KOSDAQ_slope_up,2026-01-01,2025-12-30,2025-12-30,False,,False,,1.0,1.47,1.47
209,318060,그래피,27050.00,VWAP 상향 돌파 (종합점수: 90.0),VWAP+AI,615,0.90,Squeeze: dark_red 모멘텀 반전 (+0.90%),EXPERIMENT_EXIT,3.743215923611111,2026-01-02 10:15,2026-01-02,LEGACY_VWAP,SQUEEZE,09:30~10:30,True,False,TREND_UP,4,KOSPI_above_EMA20|KOSPI_slope_up|KOSDAQ_above_EMA20|KOSDAQ_slope_up,2026-01-01,2025-12-30,2025-12-30,False,,False,,1.0,0.9,0.9
210,489500,엘케이켐,35900.00,VWAP 상향 돌파 (종합점수: 0.0),VWAP+AI,695,-0.30,"시간 기반 청산 (15:00, -0.30%)",SYSTEM_EXIT,99.42945733027778,2026-01-02 11:35,2026-01-02,LEGACY_VWAP,TIME_EXIT,10:30~12:00,False,False,TREND_UP,4,KOSPI_above_EMA20|KOSPI_slope_up|KOSDAQ_above_EMA20|KOSDAQ_slope_up,2026-01-01,2025-12-30,2025-12-30,False,,False,,1.0,-0.3,-0.3
211,053700,삼보모터스,6360.00,VWAP 상향 돌파 (종합점수: 0.0),VWAP+AI,696,-1.73,"🚨 Early Failure Cut (23.2분, -1.73%)",EXPERIMENT_EXIT,170.2021376077778,2026-01-02 11:36,2026-01-02,LEGACY_VWAP,EF,10:30~12:00,False,False,TREND_UP,4,KOSPI_above_EMA20|KOSPI_slope_up|KOSDAQ_above_EMA20|KOSDAQ_slope_up,2026-01-01,2025-12-30,2025-12-30,False,,False,,1.0,-1.73,-1.73
212,318060,그래피,27900.00,VWAP 상향 돌파 (종합점수: 0.0),VWAP+AI,705,0.90,Squeeze: dark_red 모멘텀 반전 (+0.90%),EXPERIMENT_EXIT,2.2423955961111113,2026-01-02 11:45,2026-01-02,LEGACY_VWAP,SQUEEZE,10:30~12:00,True,False,TREND_UP,4,KOSPI_above_EMA20|KOSPI_slope_up|KOSDAQ_above_EMA20|KOSDAQ_slope_up,2026-01-01,2025-12-30,2025-12-30,False,,False,,1.0,0.9,0.9
214,452160,제이엔비,7780.00,VWAP 상향 돌파 (종합점수: 0.0),VWAP+AI,883,-0.39,"시간 기반 청산 (15:00, -0.39%)",SYSTEM_EXIT,0.29402749916666665,2026-01-06 14:43,2026-01-06,LEGACY_VWAP,TIME_EXIT,13:30~15:00,False,False,TREND_UP,4,KOSPI_above_EMA20|KOSPI_slope_up|KOSDAQ_above_EMA20|KOSDAQ_slope_up,2026-01-05,2026-01-05,2026-01-05,False,,False,,1.0,-0.39,-0.39
216,489500,엘케이켐,32900.00,VWAP 상향 돌파 (종합점수: 0.0),VWAP+AI,900,-0.30,"시간 기반 청산 (15:00, -0.30%)",SYSTEM_EXIT,0.01664969638888889,2026-01-06 15:00,2026-01-06,LEGACY_VWAP,TIME_EXIT,13:30~15:00,False,False,TREND_UP,4,KOSPI_above_EMA20|KOSPI_slope_up|KOSDAQ_above_EMA20|KOSDAQ_slope_up,2026-01-05,2026-01-05,2026-01-05,False,,False,,1.0,-0.3,-0.3
218,396470,워트,7300.00,VWAP 상향 돌파 (종합점수: 0.0),VWAP+AI,668,0.00,ATR 트레일링 스탑 (+0.00%),ALPHA_EXIT,50.00306299555555,2026-01-07 11:08,2026-01-07,LEGACY_VWAP,ALPHA,10:30~12:00,False,True,TREND_UP,4,KOSPI_above_EMA20|KOSPI_slope_up|KOSDAQ_above_EMA20|KOSDAQ_slope_up,2026-01-06,2026-01-06,2026-01-06,False,,False,,1.0,0.0,0.0
219,368770,파이버프로,13950.00,VWAP 상향 돌파 (종합점수: 0.0),VWAP+AI,807,0.86,Squeeze: dark_red 모멘텀 반전 (+0.86%),EXPERIMENT_EXIT,1.1263166447222221,2026-01-07 13:27,2026-01-07,LEGACY_VWAP,SQUEEZE,12:00~13:30,True,False,TREND_UP,4,KOSPI_above_EMA20|KOSPI_slope_up|KOSDAQ_above_EMA20|KOSDAQ_slope_up,2026-01-06,2026-01-06,2026-01-06,False,,False,,1.0,0.86,0.86
220,489500,엘케이켐,32450.00,VWAP 상향 돌파 (종합점수: 0.0),VWAP+AI,867,-2.16,"Hard Stop (-2.0%, -2.16%) [부분청산 0차]",RISK_EXIT,0.5214434977777778,2026-01-07 14:27,2026-01-07,LEGACY_VWAP,HARD_STOP,13:30~15:00,False,False,TREND_UP,4,KOSPI_above_EMA20|KOSPI_slope_up|KOSDAQ_above_EMA20|KOSDAQ_slope_up,2026-01-06,2026-01-06,2026-01-06,False,,False,,1.0,-2.16,-2.16
223,232680,라온테크,15240.00,VWAP 상향 돌파 (종합점수: 0.0),VWAP+AI,635,-0.39,다중 약화 신호 (VWAP↓+EMA3↓),EXPERIMENT_EXIT,3.144184275277778,2026-01-08 10:35,2026-01-08,LEGACY_VWAP,EF_OTHER,10:30~12:00,False,False,TREND_UP,4,KOSPI_above_EMA20|KOSPI_slope_up|KOSDAQ_above_EMA20|KOSDAQ_slope_up,2026-01-07,2026-01-07,2026-01-07,False,,False,,1.0,-0.39,-0.39
224,368770,파이버프로,14190.00,VWAP 상향 돌파 (종합점수: 0.0),VWAP+AI,675,-2.26,"Hard Stop (-2.0%, -2.26%) [부분청산 0차]",RISK_EXIT,0.6563831175,2026-01-08 11:15,2026-01-08,LEGACY_VWAP,HARD_STOP,10:30~12:00,False,False,TREND_UP,4,KOSPI_above_EMA20|KOSPI_slope_up|KOSDAQ_above_EMA20|KOSDAQ_slope_up,2026-01-07,2026-01-07,2026-01-07,False,,False,,1.0,-2.26,-2.26
226,003160,디아이,29300.00,VWAP 상향 돌파 (종합점수: 0.0),VWAP+AI,771,-1.88,"🚨 Early Failure Cut (20.2분, -1.88%)",EXPERIMENT_EXIT,0.3362312155555556,2026-01-08 12:51,2026-01-08,LEGACY_VWAP,EF,12:00~13:30,False,False,TREND_UP,4,KOSPI_above_EMA20|KOSPI_slope_up|KOSDAQ_above_EMA20|KOSDAQ_slope_up,2026-01-07,2026-01-07,2026-01-07,False,,False,,1.0,-1.88,-1.88
227,489500,엘케이켐,33350.00,VWAP 상향 돌파 (종합점수: 0.0),VWAP+AI,777,-0.15,다중 약화 신호 (VWAP↓+EMA3↓),EXPERIMENT_EXIT,1.1262113366666666,2026-01-08 12:57,2026-01-08,LEGACY_VWAP,EF_OTHER,12:00~13:30,False,False,TREND_UP,4,KOSPI_above_EMA20|KOSPI_slope_up|KOSDAQ_above_EMA20|KOSDAQ_slope_up,2026-01-07,2026-01-07,2026-01-07,False,,False,,1.0,-0.15,-0.15
231,452160,제이엔비,7450.00,VWAP 상향 돌파 (종합점수: 0.0),VWAP+AI,915,-0.54,"시간 기반 청산 (15:00, -0.54%)",SYSTEM_EXIT,0.017177675833333333,2026-01-08 15:15,2026-01-08,LEGACY_VWAP,TIME_EXIT,13:30~15:00,False,False,TREND_UP,4,KOSPI_above_EMA20|KOSPI_slope_up|KOSDAQ_above_EMA20|KOSDAQ_slope_up,2026-01-07,2026-01-07,2026-01-07,False,,False,,1.0,-0.54,-0.54
233,232680,라온테크,14760.00,VWAP 상향 돌파 (종합점수: 0.0),VWAP+AI,628,-2.17,"11:09 🚨 Early Failure Cut (20.1분, -2.17%)",EXPERIMENT_EXIT,288.67735400805554,2026-01-09 10:28,2026-01-09,LEGACY_VWAP,EF,09:30~10:30,False,False,TREND_UP,4,KOSPI_above_EMA20|KOSPI_slope_up|KOSDAQ_above_EMA20|KOSDAQ_slope_up,2026-01-08,2026-01-08,2026-01-08,False,,False,,1.0,-2.17,-2.17
234,080220,제주반도체,30650.00,VWAP 상향 돌파 (종합점수: 0.0),VWAP+AI,628,1.47,Squeeze: dark_red 모멘텀 반전 (+1.47%),EXPERIMENT_EXIT,1.2252992447222222,2026-01-09 10:28,2026-01-09,LEGACY_VWAP,SQUEEZE,09:30~10:30,True,False,TREND_UP,4,KOSPI_above_EMA20|KOSPI_slope_up|KOSDAQ_above_EMA20|KOSDAQ_slope_up,2026-01-08,2026-01-08,2026-01-08,False,,False,,1.0,1.47,1.47
235,396470,워트,7100.00,VWAP 상향 돌파 (종합점수: 0.0),VWAP+AI,630,0.00,ATR 트레일링 스탑 (+0.00%),ALPHA_EXIT,2.637908508611111,2026-01-09 10:30,2026-01-09,LEGACY_VWAP,ALPHA,10:30~12:00,False,True,TREND_UP,4,KOSPI_above_EMA20|KOSPI_slope_up|KOSDAQ_above_EMA20|KOSDAQ_slope_up,2026-01-08,2026-01-08,2026-01-08,False,,False,,1.0,0.0,0.0
236,489500,엘케이켐,33400.00,VWAP 상향 돌파 (종합점수: 0.0),VWAP+AI,641,-1.95,"🚨 Early Failure Cut (22.2분, -1.95%)",EXPERIMENT_EXIT,0.36994489444444445,2026-01-09 10:41,2026-01-09,LEGACY_VWAP,EF,10:30~12:00,False,False,TREND_UP,4,KOSPI_above_EMA20|KOSPI_slope_up|KOSDAQ_above_EMA20|KOSDAQ_slope_up,2026-01-08,2026-01-08,2026-01-08,False,,False,,1.0,-1.95,-1.95
238,232680,라온테크,14830.00,VWAP 상향 돌파 (종합점수: 0.0),VWAP+AI,699,-2.17,"11:09 🚨 Early Failure Cut (20.1분, -2.17%)",EXPERIMENT_EXIT,287.5020978247222,2026-01-09 11:39,2026-01-09,LEGACY_VWAP,EF,10:30~12:00,False,False,TREND_UP,4,KOSPI_above_EMA20|KOSPI_slope_up|KOSDAQ_above_EMA20|KOSDAQ_slope_up,2026-01-08,2026-01-08,2026-01-08,False,,False,,1.0,-2.17,-2.17
240,489500,엘케이켐,32750.00,VWAP 상향 돌파 (종합점수: 0.0),VWAP+AI,704,-2.14,"Hard Stop (-2.0%, -2.14%) [부분청산 0차]",RISK_EXIT,2.3197105066666666,2026-01-09 11:44,2026-01-09,LEGACY_VWAP,HARD_STOP,10:30~12:00,False,False,TREND_UP,4,KOSPI_above_EMA20|KOSPI_slope_up|KOSDAQ_above_EMA20|KOSDAQ_slope_up,2026-01-08,2026-01-08,2026-01-08,False,,False,,1.0,-2.14,-2.14
241,452160,제이엔비,7400.00,VWAP 상향 돌파 (종합점수: 0.0),VWAP+AI,717,-2.03,"Hard Stop (-2.0%, -2.03%) [부분청산 0차]",RISK_EXIT,1.9493349319444444,2026-01-09 11:57,2026-01-09,LEGACY_VWAP,HARD_STOP,10:30~12:00,False,False,TREND_UP,4,KOSPI_above_EMA20|KOSPI_slope_up|KOSDAQ_above_EMA20|KOSDAQ_slope_up,2026-01-08,2026-01-08,2026-01-08,False,,False,,1.0,-2.03,-2.03
243,053700,삼보모터스,6930.00,VWAP 상향 돌파 (종합점수: 0.0),VWAP+AI,804,-1.73,"🚨 Early Failure Cut (23.2분, -1.73%)",EXPERIMENT_EXIT,0.38673635055555555,2026-01-09 13:24,2026-01-09,LEGACY_VWAP,EF,12:00~13:30,False,False,TREND_UP,4,KOSPI_above_EMA20|KOSPI_slope_up|KOSDAQ_above_EMA20|KOSDAQ_slope_up,2026-01-08,2026-01-08,2026-01-08,False,,False,,1.0,-1.73,-1.73
248,023810,인팩,11610.00,VWAP 상향 돌파 (종합점수: 0.0),VWAP+AI,909,2.16,"데드크로스 청산: 데드크로스 (MA5: 11946, MA10: 11985)",EXPERIMENT_EXIT,18.690691749166668,2026-01-12 15:09,2026-01-12,LEGACY_VWAP,DEADCROSS,13:30~15:00,True,False,TREND_UP,4,KOSPI_above_EMA20|KOSPI_slope_up|KOSDAQ_above_EMA20|KOSDAQ_slope_up,2026-01-11,2026-01-09,2026-01-09,False,,False,,1.0,2.16,2.16
250,437730,삼현,64900.00,VWAP 상향 돌파 (종합점수: 0.0),VWAP+AI,658,-1.39,"데드크로스 청산: 데드크로스 (MA5: 64160, MA10: 64220)",EXPERIMENT_EXIT,0.3770763597222222,2026-01-13 10:58,2026-01-13,LEGACY_VWAP,DEADCROSS,10:30~12:00,False,False,TREND_UP,4,KOSPI_above_EMA20|KOSPI_slope_up|KOSDAQ_above_EMA20|KOSDAQ_slope_up,2026-01-12,2026-01-12,2026-01-12,False,,False,,1.0,-1.39,-1.39
251,318060,그래피,33400.00,VWAP 상향 돌파 (종합점수: 0.0),VWAP+AI,666,-0.75,"데드크로스 청산: 데드크로스 (MA5: 33150, MA10: 33155)",EXPERIMENT_EXIT,0.4845054527777778,2026-01-13 11:06,2026-01-13,LEGACY_VWAP,DEADCROSS,10:30~12:00,False,False,TREND_UP,4,KOSPI_above_EMA20|KOSPI_slope_up|KOSDAQ_above_EMA20|KOSDAQ_slope_up,2026-01-12,2026-01-12,2026-01-12,False,,False,,1.0,-0.75,-0.75
253,389500,에스비비테크,53800.00,VWAP 상향 돌파 (종합점수: 0.0),VWAP+AI,683,2.04,Squeeze: bright_red 모멘텀 반전 (+2.04%),EXPERIMENT_EXIT,0.08728014222222222,2026-01-13 11:23,2026-01-13,LEGACY_VWAP,SQUEEZE,10:30~12:00,True,False,TREND_UP,4,KOSPI_above_EMA20|KOSPI_slope_up|KOSDAQ_above_EMA20|KOSDAQ_slope_up,2026-01-12,2026-01-12,2026-01-12,False,,False,,1.0,2.04,2.04
256,396470,워트,7130.00,VWAP 상향 돌파 (종합점수: 0.0),VWAP+AI,712,-0.70,"데드크로스 청산: 데드크로스 (MA5: 7112, MA10: 7113)",EXPERIMENT_EXIT,1.9547648441666667,2026-01-13 11:52,2026-01-13,LEGACY_VWAP,DEADCROSS,10:30~12:00,False,False,TREND_UP,4,KOSPI_above_EMA20|KOSPI_slope_up|KOSDAQ_above_EMA20|KOSDAQ_slope_up,2026-01-12,2026-01-12,2026-01-12,False,,False,,1.0,-0.7,-0.7
258,124500,아이티센글로벌,37350.00,VWAP 상향 돌파 (종합점수: 0.0),VWAP+AI,872,-1.07,"시간 기반 청산 (15:00, -1.07%)",SYSTEM_EXIT,0.47512572694444444,2026-01-13 14:32,2026-01-13,LEGACY_VWAP,TIME_EXIT,13:30~15:00,False,False,TREND_UP,4,KOSPI_above_EMA20|KOSPI_slope_up|KOSDAQ_above_EMA20|KOSDAQ_slope_up,2026-01-12,2026-01-12,2026-01-12,False,,False,,1.0,-1.07,-1.07
260,019180,티에이치엔,9530.00,VWAP 상향 돌파 (종합점수: 0.0),VWAP+AI,600,-1.78,"🚨 Early Failure Cut (19.1분, -1.78%)",EXPERIMENT_EXIT,0.3183950211111111,2026-01-14 10:00,2026-01-14,LEGACY_VWAP,EF,09:30~10:30,False,False,TREND_UP,4,KOSPI_above_EMA20|KOSPI_slope_up|KOSDAQ_above_EMA20|KOSDAQ_slope_up,2026-01-13,2026-01-13,2026-01-13,False,,False,,1.0,-1.78,-1.78
261,023810,인팩,12320.00,VWAP 상향 돌파 (종합점수: 0.0),VWAP+AI,600,0.72,Squeeze: dark_red 모멘텀 반전 (+0.72%),EXPERIMENT_EXIT,28.78876968361111,2026-01-14 10:00,2026-01-14,LEGACY_VWAP,SQUEEZE,09:30~10:30,True,False,TREND_UP,4,KOSPI_above_EMA20|KOSPI_slope_up|KOSDAQ_above_EMA20|KOSDAQ_slope_up,2026-01-13,2026-01-13,2026-01-13,False,,False,,1.0,0.72,0.72
262,082920,비츠로셀,21100.00,VWAP 상향 돌파 (종합점수: 0.0),VWAP+AI,601,-0.24,"5분봉 데드크로스 청산: 데드크로스 (MA5: 21090, MA10: 21095)",EXPERIMENT_EXIT,0.10821136027777778,2026-01-14 10:01,2026-01-14,LEGACY_VWAP,DEADCROSS,09:30~10:30,False,False,TREND_UP,4,KOSPI_above_EMA20|KOSPI_slope_up|KOSDAQ_above_EMA20|KOSDAQ_slope_up,2026-01-13,2026-01-13,2026-01-13,False,,False,,1.0,-0.24,-0.24
265,489500,엘케이켐,29850.00,VWAP 상향 돌파 (종합점수: 0.0),VWAP+AI,637,-0.16,"시간 기반 청산 (15:00, -0.16%)",SYSTEM_EXIT,28.394205782222222,2026-01-14 10:37,2026-01-14,LEGACY_VWAP,TIME_EXIT,10:30~12:00,False,False,TREND_UP,4,KOSPI_above_EMA20|KOSPI_slope_up|KOSDAQ_above_EMA20|KOSDAQ_slope_up,2026-01-13,2026-01-13,2026-01-13,False,,False,,1.0,-0.16,-0.16
267,232680,라온테크,14210.00,VWAP 상향 돌파 (종합점수: 0.0),VWAP+AI,610,-2.17,"11:09 🚨 Early Failure Cut (20.1분, -2.17%)",EXPERIMENT_EXIT,144.97861069472222,2026-01-15 10:10,2026-01-15,LEGACY_VWAP,EF,09:30~10:30,False,False,TREND_UP,4,KOSPI_above_EMA20|KOSPI_slope_up|KOSDAQ_above_EMA20|KOSDAQ_slope_up,2026-01-14,2026-01-14,2026-01-14,False,,False,,1.0,-2.17,-2.17
268,007810,코리아써키트,58200.00,VWAP 상향 돌파 (종합점수: 0.0),VWAP+AI,697,-2.13,"14:57 Hard Stop (-2.0%, -2.13%) [부분청산 0차]",RISK_EXIT,171.32220711916668,2026-01-15 11:37,2026-01-15,LEGACY_VWAP,HARD_STOP,10:30~12:00,False,False,TREND_UP,4,KOSPI_above_EMA20|KOSPI_slope_up|KOSDAQ_above_EMA20|KOSDAQ_slope_up,2026-01-14,2026-01-14,2026-01-14,False,,False,,1.0,-2.13,-2.13
269,190510,나무가,26850.00,VWAP 상향 돌파 (종합점수: 100.0),VWAP+AI,725,1.49,Squeeze: bright_red 모멘텀 반전 (+1.49%),EXPERIMENT_EXIT,2.009125860277778,2026-01-15 12:05,2026-01-15,LEGACY_VWAP,SQUEEZE,12:00~13:30,True,False,TREND_UP,4,KOSPI_above_EMA20|KOSPI_slope_up|KOSDAQ_above_EMA20|KOSDAQ_slope_up,2026-01-14,2026-01-14,2026-01-14,False,,False,,1.0,1.49,1.49
270,419080,엔젯,10060.00,VWAP 상향 돌파 (종합점수: 85.7),VWAP+AI,727,-1.99,"🚨 Early Failure Cut (2.3분, -1.99%)",EXPERIMENT_EXIT,0.03823423,2026-01-15 12:07,2026-01-15,LEGACY_VWAP,EF,12:00~13:30,False,False,TREND_UP,4,KOSPI_above_EMA20|KOSPI_slope_up|KOSDAQ_above_EMA20|KOSDAQ_slope_up,2026-01-14,2026-01-14,2026-01-14,False,,False,,1.0,-1.99,-1.99
273,023810,인팩,12470.00,VWAP 상향 돌파 (종합점수: 100.0),VWAP+AI,847,0.72,Squeeze: dark_red 모멘텀 반전 (+0.72%),EXPERIMENT_EXIT,0.6622074355555555,2026-01-15 14:07,2026-01-15,LEGACY_VWAP,SQUEEZE,13:30~15:00,True,False,TREND_UP,4,KOSPI_above_EMA20|KOSPI_slope_up|KOSDAQ_above_EMA20|KOSDAQ_slope_up,2026-01-14,2026-01-14,2026-01-14,False,,False,,1.0,0.72,0.72
274,489500,엘케이켐,30400.00,VWAP 상향 돌파 (종합점수: 0.0),VWAP+AI,848,-0.16,"시간 기반 청산 (15:00, -0.16%)",SYSTEM_EXIT,0.8663286566666667,2026-01-15 14:08,2026-01-15,LEGACY_VWAP,TIME_EXIT,13:30~15:00,False,False,TREND_UP,4,KOSPI_above_EMA20|KOSPI_slope_up|KOSDAQ_above_EMA20|KOSDAQ_slope_up,2026-01-14,2026-01-14,2026-01-14,False,,False,,1.0,-0.16,-0.16
277,437730,삼현,65100.00,VWAP 상향 돌파 (종합점수: 100.0),VWAP+AI,905,-0.15,"시간 기반 청산 (15:00, -0.15%)",SYSTEM_EXIT,0.017475933611111112,2026-01-15 15:05,2026-01-15,LEGACY_VWAP,TIME_EXIT,13:30~15:00,False,False,TREND_UP,4,KOSPI_above_EMA20|KOSPI_slope_up|KOSDAQ_above_EMA20|KOSDAQ_slope_up,2026-01-14,2026-01-14,2026-01-14,False,,False,,1.0,-0.15,-0.15
281,004310,현대약품,13320.00,VWAP 상향 돌파 (종합점수: 0.0),VWAP+AI,910,-1.28,"시간 기반 청산 (15:00, -1.28%)",SYSTEM_EXIT,0.04189850333333334,2026-01-16 15:10,2026-01-16,LEGACY_VWAP,TIME_EXIT,13:30~15:00,False,False,TREND_UP,4,KOSPI_above_EMA20|KOSPI_slope_up|KOSDAQ_above_EMA20|KOSDAQ_slope_up,2026-01-15,2026-01-15,2026-01-15,False,,False,,1.0,-1.28,-1.28
282,056080,유진로봇,25400.00,VWAP 상향 돌파 (종합점수: 0.0),VWAP+AI,911,-2.51,"11:00 Hard Stop (-2.0%, -2.51%) [부분청산 0차]",RISK_EXIT,499.8191075613889,2026-01-16 15:11,2026-01-16,LEGACY_VWAP,HARD_STOP,13:30~15:00,False,False,TREND_UP,4,KOSPI_above_EMA20|KOSPI_slope_up|KOSDAQ_above_EMA20|KOSDAQ_slope_up,2026-01-15,2026-01-15,2026-01-15,False,,False,,1.0,-2.51,-2.51
285,452160,제이엔비,6930.00,11:12 30분봉 MA5/MA20 골든크로스 + Squeeze OFF + 모멘텀(lime) + 5min 진입,VWAP+AI,672,-1.59,15:12 30분봉 데드크로스 (MA5 < MA20),EXPERIMENT_EXIT,3.990645053333333,2026-01-20 11:12,2026-01-20,UNKNOWN,DEADCROSS,10:30~12:00,False,False,TREND_UP,4,KOSPI_above_EMA20|KOSPI_slope_up|KOSDAQ_above_EMA20|KOSDAQ_slope_up,2026-01-19,2026-01-19,2026-01-19,False,,False,,1.0,-1.59,-1.59
287,232680,라온테크,16365.00,10:49 30분봉 MA5/MA20 골든크로스 + Squeeze OFF + 모멘텀(lime) + 5min 진입,VWAP+AI,649,-2.17,"11:09 🚨 Early Failure Cut (20.1분, -2.17%)",EXPERIMENT_EXIT,0.33427497777777776,2026-01-21 10:49,2026-01-21,UNKNOWN,EF,10:30~12:00,False,False,TREND_UP,4,KOSPI_above_EMA20|KOSPI_slope_up|KOSDAQ_above_EMA20|KOSDAQ_slope_up,2026-01-20,2026-01-20,2026-01-20,False,,False,,1.0,-2.17,-2.17
289,298830,슈어소프트테크,8880.00,14:15 30분봉 MA5/MA20 골든크로스 + Squeeze OFF + 모멘텀(lime) + 5min 진입,VWAP+AI,855,-3.94,"14:27 🚨 Early Failure Cut (12.0분, -3.94%)",EXPERIMENT_EXIT,0.19971004722222221,2026-01-21 14:15,2026-01-21,UNKNOWN,EF,13:30~15:00,False,False,TREND_UP,4,KOSPI_above_EMA20|KOSPI_slope_up|KOSDAQ_above_EMA20|KOSDAQ_slope_up,2026-01-20,2026-01-20,2026-01-20,False,,False,,1.0,-3.94,-3.94
291,451760,컨텍,21650.00,12:44 SMC LONG: CHoCH(상승전환) + OB(bullish),VWAP+AI,764,-1.62,"12:54 🚨 Early Failure Cut (9.6분, -1.62%)",EXPERIMENT_EXIT,0.16038347555555554,2026-01-22 12:44,2026-01-22,SMC_NO_GRADE,EF,12:00~13:30,False,False,TREND_UP,3,KOSPI_above_EMA20|KOSPI_slope_up|KOSDAQ_above_EMA20|KOSDAQ_slope_up|KOSDAQ_drop_-2.6pct,2026-01-21,2026-01-21,2026-01-21,False,,False,,1.0,-1.62,-1.62
292,458870,씨어스테크놀로지,156400.00,12:44 SMC LONG: CHoCH(상승전환) + OB(bullish),VWAP+AI,764,3.32,14:00 ATR 트레일링 스탑 (+3.32%),ALPHA_EXIT,1.2546716255555557,2026-01-22 12:44,2026-01-22,SMC_NO_GRADE,ALPHA,12:00~13:30,True,True,TREND_UP,3,KOSPI_above_EMA20|KOSPI_slope_up|KOSDAQ_above_EMA20|KOSDAQ_slope_up|KOSDAQ_drop_-2.6pct,2026-01-21,2026-01-21,2026-01-21,False,,False,,1.0,3.32,3.32
293,489500,엘케이켐,27100.00,12:44 SMC LONG: CHoCH(상승전환) + OB(bullish),VWAP+AI,764,0.00,09:02 다중 약화 신호 (VWAP↓+EMA3↓),EXPERIMENT_EXIT,20.295572889166667,2026-01-22 12:44,2026-01-22,SMC_NO_GRADE,EF_OTHER,12:00~13:30,False,False,TREND_UP,3,KOSPI_above_EMA20|KOSPI_slope_up|KOSDAQ_above_EMA20|KOSDAQ_slope_up|KOSDAQ_drop_-2.6pct,2026-01-21,2026-01-21,2026-01-21,False,,False,,1.0,0.0,0.0
296,059270,해성에어로보틱스,19490.00,14:00 SMC LONG: CHoCH(상승전환) + OB(bullish),VWAP+AI,840,-2.59,"14:30 Hard Stop (-2.0%, -2.59%) [부분청산 0차]",RISK_EXIT,0.5045012513888889,2026-01-22 14:00,2026-01-22,SMC_NO_GRADE,HARD_STOP,13:30~15:00,False,False,TREND_UP,3,KOSPI_above_EMA20|KOSPI_slope_up|KOSDAQ_above_EMA20|KOSDAQ_slope_up|KOSDAQ_drop_-2.6pct,2026-01-21,2026-01-21,2026-01-21,False,,False,,1.0,-2.59,-2.59
297,007810,코리아써키트,65600.00,14:01 SMC LONG: CHoCH(상승전환) + OB(bullish),VWAP+AI,841,-2.13,"14:57 Hard Stop (-2.0%, -2.13%) [부분청산 0차]",RISK_EXIT,0.9328671611111111,2026-01-22 14:01,2026-01-22,SMC_NO_GRADE,HARD_STOP,13:30~15:00,False,False,TREND_UP,3,KOSPI_above_EMA20|KOSPI_slope_up|KOSDAQ_above_EMA20|KOSDAQ_slope_up|KOSDAQ_drop_-2.6pct,2026-01-21,2026-01-21,2026-01-21,False,,False,,1.0,-2.13,-2.13
299,060280,큐렉소,18660.00,14:30 SMC LONG: CHoCH(상승전환) + OB(bullish),VWAP+AI,870,-2.36,"14:52 🚨 Early Failure Cut (22.1분, -2.36%)",EXPERIMENT_EXIT,0.3685367127777778,2026-01-22 14:30,2026-01-22,SMC_NO_GRADE,EF,13:30~15:00,False,False,TREND_UP,3,KOSPI_above_EMA20|KOSPI_slope_up|KOSDAQ_above_EMA20|KOSDAQ_slope_up|KOSDAQ_drop_-2.6pct,2026-01-21,2026-01-21,2026-01-21,False,,False,,1.0,-2.36,-2.36
306,189300,인텔리안테크,76200.00,10:20 SMC LONG: CHoCH(상승전환) + OB(bullish),VWAP+AI,620,-2.49,"10:38 🚨 Early Failure Cut (18.4분, -2.49%)",EXPERIMENT_EXIT,0.3065739738888889,2026-01-23 10:20,2026-01-23,SMC_NO_GRADE,EF,09:30~10:30,False,False,TREND_UP,4,KOSPI_above_EMA20|KOSPI_slope_up|KOSDAQ_above_EMA20|KOSDAQ_slope_up,2026-01-22,2026-01-22,2026-01-22,False,,False,,1.0,-2.49,-2.49
311,059120,아진엑스텍,16890.00,12:20 SMC LONG: CHoCH[A급](상승전환) + Liquidity Sweep Low + OB(bullish),VWAP+AI,740,0.12,09:01 ATR 트레일링 스탑 (+0.12%),ALPHA_EXIT,20.689689700833334,2026-01-26 12:20,2026-01-26,A_SWEEP,ALPHA,12:00~13:30,True,True,TREND_UP,4,KOSPI_above_EMA20|KOSPI_slope_up|KOSDAQ_above_EMA20|KOSDAQ_slope_up,2026-01-25,2026-01-23,2026-01-23,False,,False,,1.0,0.12,0.12
313,189300,인텔리안테크,77500.00,11:56 SMC LONG: CHoCH[A급](상승전환) + Liquidity Sweep Low + OB(bullish),VWAP+AI,716,2.06,14:00 ATR 트레일링 스탑 (+2.06%),ALPHA_EXIT,2.0589243841666667,2026-01-27 11:56,2026-01-27,A_SWEEP,ALPHA,10:30~12:00,True,True,TREND_UP,4,KOSPI_above_EMA20|KOSPI_slope_up|KOSDAQ_above_EMA20|KOSDAQ_slope_up,2026-01-26,2026-01-26,2026-01-26,False,,False,,1.0,2.06,2.06
316,240810,원익IPS,103500.00,10:32 SMC LONG: CHoCH[A급](상승전환) + Liquidity Sweep Low + OB(bullish),VWAP+AI,632,6.09,11:11 ATR 트레일링 스탑 (+6.09%),ALPHA_EXIT,0.6511934972222222,2026-01-29 10:32,2026-01-29,A_SWEEP,ALPHA,10:30~12:00,True,True,TREND_UP,4,KOSPI_above_EMA20|KOSPI_slope_up|KOSDAQ_above_EMA20|KOSDAQ_slope_up,2026-01-28,2026-01-28,2026-01-28,False,,False,,1.0,6.09,6.09
319,274090,켄코아에어로스페이스,28800.00,10:13 SMC LONG: CHoCH[A급](상승전환) + Liquidity Sweep Low + OB(bullish),VWAP+AI,613,1.74,10:44 ATR 트레일링 스탑 (+1.74%),ALPHA_EXIT,0.5236884947222222,2026-01-30 10:13,2026-01-30,A_SWEEP,ALPHA,09:30~10:30,True,True,TREND_UP,4,KOSPI_above_EMA20|KOSPI_slope_up|KOSDAQ_above_EMA20|KOSDAQ_slope_up,2026-01-29,2026-01-29,2026-01-29,False,,False,,1.0,1.74,1.74
321,200710,에이디테크놀로지,40000.00,10:55 SMC LONG: CHoCH[A급](상승전환) + Liquidity Sweep Low + OB(bullish),VWAP+AI,655,-1.75,"11:14 🚨 Early Failure Cut (VWAP 완전 이탈 (-2.63%), -1.75%)",EXPERIMENT_EXIT,0.3160539525,2026-01-30 10:55,2026-01-30,A_SWEEP,EF,10:30~12:00,False,False,TREND_UP,4,KOSPI_above_EMA20|KOSPI_slope_up|KOSDAQ_above_EMA20|KOSDAQ_slope_up,2026-01-29,2026-01-29,2026-01-29,False,,False,,1.0,-1.75,-1.75
325,361390,제노코,27550.00,12:10 SMC LONG: CHoCH[A급](상승전환) + Liquidity Sweep Low + OB(bullish),VWAP+AI,730,-2.36,"13:25 Hard Stop (-2.0%, -2.36%) [부분청산 0차]",RISK_EXIT,1.2535080722222223,2026-02-02 12:10,2026-02-02,A_SWEEP,HARD_STOP,12:00~13:30,False,False,TREND_UP,4,KOSPI_above_EMA20|KOSPI_slope_up|KOSDAQ_above_EMA20|KOSDAQ_slope_up,2026-02-01,2026-01-30,2026-01-30,False,,False,,1.0,-2.36,-2.36
334,047040,대우건설,5520.00,10:32 SMC LONG: CHoCH[A급](상승전환) + Liquidity Sweep Low + OB(bullish),VWAP+AI,632,-2.17,"11:08 Hard Stop (-2.0%, -2.17%) [부분청산 0차]",RISK_EXIT,0.5990434775,2026-02-05 10:32,2026-02-05,A_SWEEP,HARD_STOP,10:30~12:00,False,False,TREND_UP,4,KOSPI_above_EMA20|KOSPI_slope_up|KOSDAQ_above_EMA20|KOSDAQ_slope_up,2026-02-04,2026-02-04,2026-02-04,False,,False,,1.0,-2.17,-2.17
335,101330,모베이스,7300.00,11:02 SMC LONG: CHoCH[A급](상승전환) + Liquidity Sweep Low + OB(bullish),VWAP+AI,662,-3.84,"14:49 🚨 Early Failure v2 (-3.84%, 모든 조건 충족)",EXPERIMENT_EXIT,3.79238072,2026-02-05 11:02,2026-02-05,A_SWEEP,EF,10:30~12:00,False,False,TREND_UP,4,KOSPI_above_EMA20|KOSPI_slope_up|KOSDAQ_above_EMA20|KOSDAQ_slope_up,2026-02-04,2026-02-04,2026-02-04,False,,False,,1.0,-3.84,-3.84
338,056080,유진로봇,33900.00,10:44 SMC LONG: CHoCH[A급](상승전환) + Liquidity Sweep Low + OB(bullish),VWAP+AI,644,-2.51,"11:00 Hard Stop (-2.0%, -2.51%) [부분청산 0차]",RISK_EXIT,0.27299325722222223,2026-02-06 10:44,2026-02-06,A_SWEEP,HARD_STOP,10:30~12:00,False,False,NEUTRAL,2,KOSPI_above_EMA20|KOSPI_slope_up|KOSPI_drop_-3.9pct|KOSDAQ_above_EMA20|KOSDAQ_slope_up|KOSDAQ_drop_-3.6pct,2026-02-05,2026-02-05,2026-02-05,False,,False,,0.7,-2.51,-1.7569999999999997
340,095610,테스,70400.00,10:16 SMC LONG: CHoCH[A급](상승전환) + Liquidity Sweep Low + OB(bullish),VWAP+AI,616,-1.14,"13:22 구조 손절 (69,694원, -1.14%)",RISK_EXIT,3.1051892675,2026-02-09 10:16,2026-02-09,A_SWEEP,STRUCT_STOP,09:30~10:30,False,False,TREND_UP,3,KOSPI_above_EMA20|KOSPI_slope_up|KOSDAQ_above_EMA20|KOSDAQ_slope_up|KOSDAQ_drop_-2.5pct,2026-02-08,2026-02-06,2026-02-06,False,,False,,1.0,-1.14,-1.14
341,211270,AP위성,21050.00,12:10 SMC LONG: CHoCH[A급](상승전환) + Liquidity Sweep Low + OB(bullish),VWAP+AI,730,-0.71,"12:19 Early Failure[no_follow] 구조 (방향실패(2)+거래량고갈(1)+추종실패(1), score=4)",EXPERIMENT_EXIT,0.14519527277777777,2026-02-09 12:10,2026-02-09,A_SWEEP,EF,12:00~13:30,False,False,TREND_UP,3,KOSPI_above_EMA20|KOSPI_slope_up|KOSDAQ_above_EMA20|KOSDAQ_slope_up|KOSDAQ_drop_-2.5pct,2026-02-08,2026-02-06,2026-02-06,False,,False,,1.0,-0.71,-0.71
345,365590,하이딥,3290.00,10:35 SMC LONG: CHoCH[A급](상승전환) + Liquidity Sweep Low + OB(bullish),VWAP+AI,635,0.91,"10:51 구조 손절 (3,702원, 0.91%)",RISK_EXIT,0.26157289194444444,2026-02-10 10:35,2026-02-10,A_SWEEP,STRUCT_STOP,10:30~12:00,True,False,TREND_UP,4,KOSPI_above_EMA20|KOSPI_slope_up|KOSDAQ_above_EMA20|KOSDAQ_slope_up,2026-02-09,2026-02-09,2026-02-09,False,,False,,1.0,0.91,0.91
346,189300,인텔리안테크,123100.00,10:35 SMC LONG: CHoCH[A급](상승전환) + Liquidity Sweep Low + OB(bullish),VWAP+AI,635,-1.14,"10:51 구조 손절 (121,967원, -1.14%)",RISK_EXIT,0.26191088083333336,2026-02-10 10:35,2026-02-10,A_SWEEP,STRUCT_STOP,10:30~12:00,False,False,TREND_UP,4,KOSPI_above_EMA20|KOSPI_slope_up|KOSDAQ_above_EMA20|KOSDAQ_slope_up,2026-02-09,2026-02-09,2026-02-09,False,,False,,1.0,-1.14,-1.14
349,281740,레이크머티리얼즈,24800.00,12:01 SMC LONG: CHoCH[A급](상승전환) + Liquidity Sweep Low + OB(bullish),VWAP+AI,721,-0.40,"12:12 Early Failure[no_follow] 구조 (방향실패(2)+거래량고갈(1)+추종실패(1), score=4)",EXPERIMENT_EXIT,0.18091647166666666,2026-02-10 12:01,2026-02-10,A_SWEEP,EF,12:00~13:30,False,False,TREND_UP,4,KOSPI_above_EMA20|KOSPI_slope_up|KOSDAQ_above_EMA20|KOSDAQ_slope_up,2026-02-09,2026-02-09,2026-02-09,False,,False,,1.0,-0.4,-0.4
352,039440,에스티아이,35450.00,12:42 SMC LONG: CHoCH[A급](상승전환) + Liquidity Sweep Low + OB(bullish),VWAP+AI,762,0.00,"12:50 Early Failure[no_follow] 구조 (방향실패(2)+거래량고갈(1), score=3)",EXPERIMENT_EXIT,0.1225095675,2026-02-10 12:42,2026-02-10,A_SWEEP,EF,12:00~13:30,False,False,TREND_UP,4,KOSPI_above_EMA20|KOSPI_slope_up|KOSDAQ_above_EMA20|KOSDAQ_slope_up,2026-02-09,2026-02-09,2026-02-09,False,,False,,1.0,0.0,0.0
355,452160,제이엔비,6570.00,11:40 SMC LONG: CHoCH[B급](상승전환) + Liquidity Sweep Low + OB(bullish),VWAP+AI,700,-0.91,"12:39 구조 손절 (6,524원, -0.91%)",RISK_EXIT,0.9852591861111111,2026-02-13 11:40,2026-02-13,B,STRUCT_STOP,10:30~12:00,False,False,TREND_UP,4,KOSPI_above_EMA20|KOSPI_slope_up|KOSDAQ_above_EMA20|KOSDAQ_slope_up,2026-02-12,2026-02-12,2026-02-12,True,CHOCH_GRADE_BLOCK,True,CHOCH_GRADE_BLOCK,0.0,-0.91,
357,474650,링크솔루션,88900.00,13:23 SMC LONG: CHoCH[B급](상승전환) + Liquidity Sweep Low + OB(bullish),VWAP+AI,803,-1.12,"13:29 구조 손절 (88,302원, -1.12%)",RISK_EXIT,0.10103935416666666,2026-02-19 13:23,2026-02-19,B,STRUCT_STOP,12:00~13:30,False,False,TREND_UP,4,KOSPI_above_EMA20|KOSPI_slope_up|KOSDAQ_above_EMA20|KOSDAQ_slope_up,2026-02-18,2026-02-13,2026-02-13,True,CHOCH_GRADE_BLOCK,True,CHOCH_GRADE_BLOCK,0.0,-1.12,
358,417840,저스템,6890.00,13:29 SMC LONG: CHoCH[B급](상승전환) + Liquidity Sweep Low + OB(bullish),VWAP+AI,809,-0.29,"13:35 Early Failure[no_follow] 구조 (방향실패(2)+거래량고갈(1), score=3)",EXPERIMENT_EXIT,0.11053748555555555,2026-02-19 13:29,2026-02-19,B,EF,12:00~13:30,False,False,TREND_UP,4,KOSPI_above_EMA20|KOSPI_slope_up|KOSDAQ_above_EMA20|KOSDAQ_slope_up,2026-02-18,2026-02-13,2026-02-13,True,CHOCH_GRADE_BLOCK,True,CHOCH_GRADE_BLOCK,0.0,-0.29,
361,130660,한전산업,25350.00,11:08 SMC LONG: CHoCH[B급](상승전환) + Liquidity Sweep Low + OB(bullish),VWAP+AI,668,-1.18,"14:42 구조 손절 (25,146원, -1.18%)",RISK_EXIT,3.5763965108333333,2026-02-25 11:08,2026-02-25,B,STRUCT_STOP,10:30~12:00,False,False,TREND_UP,4,KOSPI_above_EMA20|KOSPI_slope_up|KOSDAQ_above_EMA20|KOSDAQ_slope_up,2026-02-24,2026-02-24,2026-02-24,True,CHOCH_GRADE_BLOCK,True,CHOCH_GRADE_BLOCK,0.0,-1.18,
366,218410,RFHIC,85100.00,EXPERIMENT:10:19,VWAP+AI,619,-2.12,"10:58 Hard Stop (-2.0%, -2.12%) [부분청산 0차]",RISK_EXIT,0.6536866722222222,2026-03-26 10:19,2026-03-26,UNKNOWN,HARD_STOP,09:30~10:30,False,False,TREND_UP,4,KOSPI_above_EMA20|KOSPI_slope_up|KOSDAQ_above_EMA20|KOSDAQ_slope_up,2026-03-25,2026-03-25,2026-03-25,False,,False,,1.0,-2.12,-2.12
367,073490,이노와이어리스,43050.00,EXPERIMENT:10:19,VWAP+AI,619,-2.32,"11:17 Hard Stop (-2.0%, -2.32%) [부분청산 0차]",RISK_EXIT,0.9734525772222222,2026-03-26 10:19,2026-03-26,UNKNOWN,HARD_STOP,09:30~10:30,False,False,TREND_UP,4,KOSPI_above_EMA20|KOSPI_slope_up|KOSDAQ_above_EMA20|KOSDAQ_slope_up,2026-03-25,2026-03-25,2026-03-25,False,,False,,1.0,-2.32,-2.32
371,078600,대주전자재료,125200.00,10:44 TREND BREAKOUT[NORMAL]: 고점돌파(124500→125200) Vol×1.7 몸통64% 점수5/5 이격1.3%,VWAP+AI,644,-1.36,"10:50 Early Failure[no_follow] 구조 (방향실패(2)+거래량고갈(1), score=3)",EXPERIMENT_EXIT,0.10079973194444444,2026-04-06 10:44,2026-04-06,TREND_BREAKOUT,EF,10:30~12:00,False,False,RISK_OFF,-4,KOSPI_below_EMA20|KOSPI_slope_down|KOSDAQ_below_EMA20|KOSDAQ_slope_down,2026-04-05,2026-04-03,2026-04-03,False,,True,REGIME_BLOCK_RISK_OFF,0.0,-1.36,
376,160980,싸이맥스,28600.00,EXPLORATION:10:43 돌파(28400→28600 +0.70%) RVOL=4.6x,VWAP+AI,643,-2.10,"12:55 Hard Stop (-2.0%, -2.10%) [부분청산 0차]",RISK_EXIT,2.1871832308333334,2026-04-14 10:43,2026-04-14,EXPLORATION,HARD_STOP,10:30~12:00,False,False,TREND_UP,4,KOSPI_above_EMA20|KOSPI_slope_up|KOSDAQ_above_EMA20|KOSDAQ_slope_up,2026-04-13,2026-04-13,2026-04-13,False,,False,,1.0,-2.1,-2.1
377,082920,비츠로셀,44700.00,EXPLORATION:11:03 돌파(44500→44700 +0.45%) RVOL=2.6x,VWAP+AI,663,0.00,"14:50 오버나이트 차단 (CHoCH B급, 당일 강제 청산)",SYSTEM_EXIT,3.780232673611111,2026-04-14 11:03,2026-04-14,EXPLORATION,TIME_EXIT,10:30~12:00,False,False,TREND_UP,4,KOSPI_above_EMA20|KOSPI_slope_up|KOSDAQ_above_EMA20|KOSDAQ_slope_up,2026-04-13,2026-04-13,2026-04-13,False,,False,,1.0,0.0,0.0
378,396470,워트,7470.00,12:28 TREND BREAKOUT[NORMAL]: 고점돌파(7450→7470) Vol×3.4 몸통67% 점수5/5 이격0.9%,VWAP+AI,748,-0.27,"12:33 Early Failure[no_follow] 구조 (방향실패(2)+거래량고갈(1)+추종실패(1), score=4)",EXPERIMENT_EXIT,0.08388770444444445,2026-04-14 12:28,2026-04-14,TREND_BREAKOUT,EF,12:00~13:30,False,False,TREND_UP,4,KOSPI_above_EMA20|KOSPI_slope_up|KOSDAQ_above_EMA20|KOSDAQ_slope_up,2026-04-13,2026-04-13,2026-04-13,False,,False,,1.0,-0.27,-0.27
383,070300,엑스큐어,2915.00,EXPLORATION:12:25 돌파(2900→2915 +0.52%) RVOL=3.0x,VWAP+AI,745,0.00,"14:50 오버나이트 차단 (CHoCH B급, 당일 강제 청산)",SYSTEM_EXIT,2.4090124333333334,2026-04-15 12:25,2026-04-15,EXPLORATION,TIME_EXIT,12:00~13:30,False,False,TREND_UP,4,KOSPI_above_EMA20|KOSPI_slope_up|KOSDAQ_above_EMA20|KOSDAQ_slope_up,2026-04-14,2026-04-14,2026-04-14,False,,False,,1.0,0.0,0.0
384,037030,파워넷,8640.00,EXPLORATION:12:56 돌파(8590→8640 +0.58%) RVOL=2.1x,VWAP+AI,776,-0.69,"13:05 Early Failure[no_follow] 구조 (방향실패(2)+거래량고갈(1)+추종실패(1), score=4)",EXPERIMENT_EXIT,0.1424528825,2026-04-15 12:56,2026-04-15,EXPLORATION,EF,12:00~13:30,False,False,TREND_UP,4,KOSPI_above_EMA20|KOSPI_slope_up|KOSDAQ_above_EMA20|KOSDAQ_slope_up,2026-04-14,2026-04-14,2026-04-14,False,,False,,1.0,-0.69,-0.69
388,294630,서남,6030.00,EXPLORATION:11:24 돌파(5980→6030 +0.84%) RVOL=2.2x,VWAP+AI,684,-0.33,"11:29 Early Failure[no_follow] 구조 (방향실패(2)+거래량고갈(1), score=3)",EXPERIMENT_EXIT,0.08877300666666667,2026-04-16 11:24,2026-04-16,EXPLORATION,EF,10:30~12:00,False,False,TREND_UP,4,KOSPI_above_EMA20|KOSPI_slope_up|KOSDAQ_above_EMA20|KOSDAQ_slope_up,2026-04-15,2026-04-15,2026-04-15,False,,False,,1.0,-0.33,-0.33
414,458650,성우,13820.00,EXPLORATION:12:49 돌파(13770→13820 +0.36%) RVOL=16.9x,VWAP+AI,769,-0.58,13:19 MFE부족 (30분 후 MFE=0.14%<0.2%),EXPERIMENT_EXIT,0.5064786922222222,2026-05-11 12:49,2026-05-11,EXPLORATION,EF_OTHER,12:00~13:30,False,False,TREND_UP,4,KOSPI_above_EMA20|KOSPI_slope_up|KOSDAQ_above_EMA20|KOSDAQ_slope_up,2026-05-10,2026-05-08,2026-05-08,False,,False,,1.0,-0.58,-0.58
416,006400,삼성SDI,684000.00,SWING:pullback score=7.0,SWING,540,-6.95,09:00 [HARD_STOP] -5.0% (-6.95%),RISK_EXIT,24.001080421111112,2026-05-12 09:00,2026-05-12,SWING,HARD_STOP,09:00~09:30,False,False,TREND_UP,4,KOSPI_above_EMA20|KOSPI_slope_up|KOSDAQ_above_EMA20|KOSDAQ_slope_up,2026-05-11,2026-05-11,2026-05-11,True,EARLY_WINDOW_BLOCK,True,EARLY_WINDOW_BLOCK,0.0,-6.95,
419,396470,워트,6690.00,EXPLORATION:12:10 돌파(6640→6690 +0.75%) RVOL=6.6x,VWAP+AI,730,-5.08,10:54 [HARD_STOP] -5.0% (-5.08%),RISK_EXIT,238.73379331805555,2026-06-09 12:10,2026-06-09,EXPLORATION,HARD_STOP,12:00~13:30,False,False,RISK_OFF,-6,KOSPI_below_EMA20|KOSPI_slope_down|KOSPI_drop_-8.3pct|KOSDAQ_below_EMA20|KOSDAQ_slope_down|KOSDAQ_drop_-9.1pct,2026-06-08,2026-06-08,2026-06-08,False,,True,REGIME_BLOCK_RISK_OFF,0.0,-5.08,
421,035420,NAVER,253000.00,SWING:pullback score=7.0,SWING,540,-4.35,14:50 오버나이트 차단 (손실-4.35%<-3.0%),SYSTEM_EXIT,53.831739847777776,2026-06-15 09:00,2026-06-15,SWING,TIME_EXIT,09:00~09:30,False,False,NEUTRAL,0,KOSPI_above_EMA20|KOSPI_slope_up|KOSDAQ_below_EMA20|KOSDAQ_slope_down,2026-06-14,2026-06-12,2026-06-12,True,EARLY_WINDOW_BLOCK,True,EARLY_WINDOW_BLOCK,0.0,-4.35,
424,005930,삼성전자,353500.00,SWING:pullback score=5.0,SWING,540,-4.64,"14:50 오버나이트 차단 (손실-4.64%<-3.0%, B급+손실-4.64%<-1.5%)",SYSTEM_EXIT,197.83166509944445,2026-06-23 09:00,2026-06-23,SWING,TIME_EXIT,09:00~09:30,False,False,NEUTRAL,0,KOSPI_above_EMA20|KOSPI_slope_up|KOSDAQ_below_EMA20|KOSDAQ_slope_down,2026-06-22,2026-06-22,2026-06-22,True,EARLY_WINDOW_BLOCK,True,EARLY_WINDOW_BLOCK,0.0,-4.64,
427,005930,삼성전자,334000.00,SWING:pullback score=5.0,SWING,540,-4.64,"14:50 오버나이트 차단 (손실-4.64%<-3.0%, B급+손실-4.64%<-1.5%)",SYSTEM_EXIT,5.832312348888889,2026-07-01 09:00,2026-07-01,SWING,TIME_EXIT,09:00~09:30,False,False,NEUTRAL,0,KOSPI_above_EMA20|KOSPI_slope_up|KOSDAQ_below_EMA20|KOSDAQ_slope_down,2026-06-30,2026-06-30,2026-06-30,True,EARLY_WINDOW_BLOCK,True,EARLY_WINDOW_BLOCK,0.0,-4.64,
