trade_id,stock_code,stock_name,buy_time,buy_price,entry_reason,position_size_mult,condition_name,entry_min,profit_rate,exit_reason,exit_category,sell_time,buy_time_str,entry_date,entry_grade,regime,regime_score,regime_reasons,regime_cutoff_date,kospi_last_date,kosdaq_last_date,v131_blocked,v131_block_reason,v131_size_mult,v132_blocked,v132_block_reason,v132_size_mult,v14_blocked,v14_block_reason,v14_size_mult
191,223250,드림씨아이에스,2025-12-19 10:16:38.149025,7560.00,VWAP 상향 돌파 (종합점수: 0.0),,VWAP+AI,616,-2.37,"🚨 Early Failure Cut (19.2분, -2.37%)",EXPERIMENT_EXIT,2025-12-19 10:58:01.117902,2025-12-19 10:16,2025-12-19,LEGACY,RISK_OFF,-5,KOSPI_below_EMA20|KOSPI_EMA_slope_down|KOSPI_day_drop_-1.5pct|KOSDAQ_below_EMA20|KOSDAQ_EMA_slope_down,2025-12-18,2025-12-18,2025-12-18,False,,1.0,False,,1.0,True,REGIME_BLOCK_RISK_OFF,0.0
192,223250,드림씨아이에스,2025-12-19 10:38:48.546886,7610.00,VWAP 상향 돌파 (종합점수: 0.0),,VWAP+AI,638,-2.37,"🚨 Early Failure Cut (19.2분, -2.37%)",EXPERIMENT_EXIT,2025-12-19 10:58:01.117902,2025-12-19 10:38,2025-12-19,LEGACY,RISK_OFF,-5,KOSPI_below_EMA20|KOSPI_EMA_slope_down|KOSPI_day_drop_-1.5pct|KOSDAQ_below_EMA20|KOSDAQ_EMA_slope_down,2025-12-18,2025-12-18,2025-12-18,False,,1.0,False,,1.0,True,REGIME_BLOCK_RISK_OFF,0.0
355,452160,제이엔비,2026-02-13 11:40:12.175106,6570.00,11:40 SMC LONG: CHoCH[B급](상승전환) + Liquidity Sweep Low + OB(bullish),,VWAP+AI,700,-0.91,"12:39 구조 손절 (6,524원, -0.91%)",RISK_EXIT,2026-02-13 12:39:19.108176,2026-02-13 11:40,2026-02-13,B,TREND_UP,4,KOSPI_above_EMA20|KOSPI_EMA_slope_up|KOSDAQ_above_EMA20|KOSDAQ_EMA_slope_up,2026-02-12,2026-02-12,2026-02-12,False,,1.0,True,CHOCH_GRADE_BLOCK,0.0,True,CHOCH_GRADE_BLOCK,0.0
357,474650,링크솔루션,2026-02-19 13:23:23.549506,88900.00,13:23 SMC LONG: CHoCH[B급](상승전환) + Liquidity Sweep Low + OB(bullish),,VWAP+AI,803,-1.12,"13:29 구조 손절 (88,302원, -1.12%)",RISK_EXIT,2026-02-19 13:29:27.291181,2026-02-19 13:23,2026-02-19,B,TREND_UP,4,KOSPI_above_EMA20|KOSPI_EMA_slope_up|KOSDAQ_above_EMA20|KOSDAQ_EMA_slope_up,2026-02-18,2026-02-13,2026-02-13,False,,1.0,True,CHOCH_GRADE_BLOCK,0.0,True,CHOCH_GRADE_BLOCK,0.0
358,417840,저스템,2026-02-19 13:29:00.148733,6890.00,13:29 SMC LONG: CHoCH[B급](상승전환) + Liquidity Sweep Low + OB(bullish),,VWAP+AI,809,-0.29,"13:35 Early Failure[no_follow] 구조 (방향실패(2)+거래량고갈(1), score=3)",EXPERIMENT_EXIT,2026-02-19 13:35:38.083681,2026-02-19 13:29,2026-02-19,B,TREND_UP,4,KOSPI_above_EMA20|KOSPI_EMA_slope_up|KOSDAQ_above_EMA20|KOSDAQ_EMA_slope_up,2026-02-18,2026-02-13,2026-02-13,False,,1.0,True,CHOCH_GRADE_BLOCK,0.0,True,CHOCH_GRADE_BLOCK,0.0
361,130660,한전산업,2026-02-25 11:08:10.799923,25350.00,11:08 SMC LONG: CHoCH[B급](상승전환) + Liquidity Sweep Low + OB(bullish),,VWAP+AI,668,-1.18,"14:42 구조 손절 (25,146원, -1.18%)",RISK_EXIT,2026-02-25 14:42:45.827362,2026-02-25 11:08,2026-02-25,B,TREND_UP,4,KOSPI_above_EMA20|KOSPI_EMA_slope_up|KOSDAQ_above_EMA20|KOSDAQ_EMA_slope_up,2026-02-24,2026-02-24,2026-02-24,False,,1.0,True,CHOCH_GRADE_BLOCK,0.0,True,CHOCH_GRADE_BLOCK,0.0
371,078600,대주전자재료,2026-04-06 10:44:53.559182,125200.00,10:44 TREND BREAKOUT[NORMAL]: 고점돌파(124500→125200) Vol×1.7 몸통64% 점수5/5 이격1.3%,,VWAP+AI,644,-1.36,"10:50 Early Failure[no_follow] 구조 (방향실패(2)+거래량고갈(1), score=3)",EXPERIMENT_EXIT,2026-04-06 10:50:56.438217,2026-04-06 10:44,2026-04-06,LEGACY,RISK_OFF,-4,KOSPI_below_EMA20|KOSPI_EMA_slope_down|KOSDAQ_below_EMA20|KOSDAQ_EMA_slope_down,2026-04-05,2026-04-03,2026-04-03,False,,1.0,False,,1.0,True,REGIME_BLOCK_RISK_OFF,0.0
416,006400,삼성SDI,2026-05-12 09:00:05.393585,684000.00,SWING:pullback score=7.0,,SWING,540,-6.95,09:00 [HARD_STOP] -5.0% (-6.95%),RISK_EXIT,2026-05-13 09:00:09.283101,2026-05-12 09:00,2026-05-12,LEGACY,TREND_UP,4,KOSPI_above_EMA20|KOSPI_EMA_slope_up|KOSDAQ_above_EMA20|KOSDAQ_EMA_slope_up,2026-05-11,2026-05-11,2026-05-11,False,,1.0,True,EARLY_WINDOW_BLOCK,0.0,True,EARLY_WINDOW_BLOCK,0.0
427,005930,삼성전자,2026-07-01 09:00:04.426397,334000.00,SWING:pullback score=5.0,,SWING,540,-4.64,"14:50 오버나이트 차단 (손실-4.64%<-3.0%, B급+손실-4.64%<-1.5%)",SYSTEM_EXIT,2026-07-01 14:50:00.750853,2026-07-01 09:00,2026-07-01,LEGACY,NEUTRAL,0,KOSPI_above_EMA20|KOSPI_EMA_slope_up|KOSDAQ_below_EMA20|KOSDAQ_EMA_slope_down,2026-06-30,2026-06-30,2026-06-30,False,,1.0,True,EARLY_WINDOW_BLOCK,0.0,True,EARLY_WINDOW_BLOCK,0.0
