trade_id,symbol,name,entry_date,entry_price,exit_date,exit_price,holding_period_days,holding_minutes,profit_loss,profit_rate,live_exit_reason,exit_class,backtest_rule,mapping_basis,strategy_horizon
3,049950,미래컴퍼니,,,2025-11-10 15:00:03,17830.0,,,660.0,0.62,장 마감 전 강제 청산 (15:00),TIME_EXIT,MAX_HOLD,보유 기간 상한 — 일봉 MAX_HOLD 와 동일 의미,INTRADAY
4,290550,디케이티,,,2025-11-10 15:00:04,8600.0,,,650.0,0.58,장 마감 전 강제 청산 (15:00),TIME_EXIT,MAX_HOLD,보유 기간 상한 — 일봉 MAX_HOLD 와 동일 의미,INTRADAY
5,366030,공구우먼,,,2025-11-10 15:00:05,6100.0,,,3800.0,3.39,장 마감 전 강제 청산 (15:00),TIME_EXIT,MAX_HOLD,보유 기간 상한 — 일봉 MAX_HOLD 와 동일 의미,INTRADAY
6,290550,디케이티,,,2025-11-10 15:19:14,8550.0,,,-130.0,-0.12,장 마감 전 강제 청산 (15:00),TIME_EXIT,MAX_HOLD,보유 기간 상한 — 일봉 MAX_HOLD 와 동일 의미,INTRADAY
7,140430,카티스,,,2025-11-11 15:00:41,3530.0,,,-12710.0,-10.41,손절 (-10.41%),STOP_LOSS,SL,손실 제한,INTRADAY
8,026890,스틱인베스트먼트,,,2025-11-11 15:19:50,10890.0,,,110.0,0.09,장 마감 전 강제 청산 (15:00),TIME_EXIT,MAX_HOLD,보유 기간 상한 — 일봉 MAX_HOLD 와 동일 의미,INTRADAY
9,026890,스틱인베스트먼트,,,2025-11-11 15:20:50,10890.0,,,110.0,0.09,장 마감 전 강제 청산 (15:00),TIME_EXIT,MAX_HOLD,보유 기간 상한 — 일봉 MAX_HOLD 와 동일 의미,INTRADAY
10,026890,스틱인베스트먼트,,,2025-11-11 15:21:51,10890.0,,,110.0,0.09,장 마감 전 강제 청산 (15:00),TIME_EXIT,MAX_HOLD,보유 기간 상한 — 일봉 MAX_HOLD 와 동일 의미,INTRADAY
11,026890,스틱인베스트먼트,,,2025-11-11 15:22:52,10890.0,,,110.0,0.09,장 마감 전 강제 청산 (15:00),TIME_EXIT,MAX_HOLD,보유 기간 상한 — 일봉 MAX_HOLD 와 동일 의미,INTRADAY
12,026890,스틱인베스트먼트,,,2025-11-11 15:23:53,10890.0,,,110.0,0.09,장 마감 전 강제 청산 (15:00),TIME_EXIT,MAX_HOLD,보유 기간 상한 — 일봉 MAX_HOLD 와 동일 의미,INTRADAY
13,026890,스틱인베스트먼트,,,2025-11-11 15:24:53,10890.0,,,110.0,0.09,장 마감 전 강제 청산 (15:00),TIME_EXIT,MAX_HOLD,보유 기간 상한 — 일봉 MAX_HOLD 와 동일 의미,INTRADAY
14,026890,스틱인베스트먼트,,,2025-11-11 15:25:54,10890.0,,,110.0,0.09,장 마감 전 강제 청산 (15:00),TIME_EXIT,MAX_HOLD,보유 기간 상한 — 일봉 MAX_HOLD 와 동일 의미,INTRADAY
15,026890,스틱인베스트먼트,,,2025-11-11 15:26:55,10890.0,,,110.0,0.09,장 마감 전 강제 청산 (15:00),TIME_EXIT,MAX_HOLD,보유 기간 상한 — 일봉 MAX_HOLD 와 동일 의미,INTRADAY
16,026890,스틱인베스트먼트,,,2025-11-11 15:27:56,10890.0,,,110.0,0.09,장 마감 전 강제 청산 (15:00),TIME_EXIT,MAX_HOLD,보유 기간 상한 — 일봉 MAX_HOLD 와 동일 의미,INTRADAY
17,026890,스틱인베스트먼트,,,2025-11-11 15:28:56,10890.0,,,110.0,0.09,장 마감 전 강제 청산 (15:00),TIME_EXIT,MAX_HOLD,보유 기간 상한 — 일봉 MAX_HOLD 와 동일 의미,INTRADAY
18,026890,스틱인베스트먼트,,,2025-11-11 15:29:57,10890.0,,,110.0,0.09,장 마감 전 강제 청산 (15:00),TIME_EXIT,MAX_HOLD,보유 기간 상한 — 일봉 MAX_HOLD 와 동일 의미,INTRADAY
19,388870,파로스아이바이오,,,2025-11-12 12:08:57,7060.0,,,-1360.0,-1.12,손절 (-1.12%),STOP_LOSS,SL,손실 제한,INTRADAY
20,000230,일동홀딩스,,,2025-11-12 13:16:31,14300.0,,,-1360.0,-1.17,손절 (-1.17%),STOP_LOSS,SL,손실 제한,INTRADAY
21,002020,코오롱,,,2025-11-12 14:31:11,49000.0,,,-200.0,-0.2,VWAP 하향 돌파,STRUCTURE_WEAK,(대응 없음),구조/모멘텀 약화 — 백테스트에 대응 규칙 없음,INTRADAY
22,005940,NH투자증권,,,2025-11-12 15:00:28,22500.0,,,0.0,,장 마감 전 강제 청산 (15:00),TIME_EXIT,MAX_HOLD,보유 기간 상한 — 일봉 MAX_HOLD 와 동일 의미,INTRADAY
23,366030,공구우먼,,,2025-11-13 10:07:33,5800.0,,,150.0,0.17,트레일링 스탑 (+0.17%),TRAILING,TRAIL,고점 대비 되돌림 청산,INTRADAY
24,009420,한올바이오파마,,,2025-11-13 10:13:03,40550.0,,,-500.0,-0.61,VWAP 하향 돌파,STRUCTURE_WEAK,(대응 없음),구조/모멘텀 약화 — 백테스트에 대응 규칙 없음,INTRADAY
25,068290,삼성출판사,,,2025-11-13 14:33:07,17780.0,,,1950.0,2.24,트레일링 스탑 (+2.24%),TRAILING,TRAIL,고점 대비 되돌림 청산,INTRADAY
26,366030,공구우먼,,,2025-11-13 15:22:27,5430.0,,,0.0,,장 마감 전 강제 청산 (15:00),TIME_EXIT,MAX_HOLD,보유 기간 상한 — 일봉 MAX_HOLD 와 동일 의미,INTRADAY
27,366030,공구우먼,,,2025-11-14 13:27:21,5500.0,,,1840.0,1.48,트레일링 스탑 (+1.48%),TRAILING,TRAIL,고점 대비 되돌림 청산,INTRADAY
28,366030,공구우먼,,,2025-11-14 13:28:22,5460.0,,,920.0,0.74,트레일링 스탑 (+0.74%),TRAILING,TRAIL,고점 대비 되돌림 청산,INTRADAY
29,366030,공구우먼,,,2025-11-14 13:29:22,5440.0,,,460.0,0.37,트레일링 스탑 (+0.37%),TRAILING,TRAIL,고점 대비 되돌림 청산,INTRADAY
30,009420,한올바이오파마,,,2025-11-14 15:00:31,43550.0,,,-700.0,-0.8,장 마감 전 강제 청산 (15:00),TIME_EXIT,MAX_HOLD,보유 기간 상한 — 일봉 MAX_HOLD 와 동일 의미,INTRADAY
31,366030,공구우먼,,,2025-11-14 15:21:13,5390.0,,,0.0,,장 마감 전 강제 청산 (15:00),TIME_EXIT,MAX_HOLD,보유 기간 상한 — 일봉 MAX_HOLD 와 동일 의미,INTRADAY
32,366030,공구우먼,,,2025-11-14 15:22:14,5390.0,,,0.0,,장 마감 전 강제 청산 (15:00),TIME_EXIT,MAX_HOLD,보유 기간 상한 — 일봉 MAX_HOLD 와 동일 의미,INTRADAY
33,366030,공구우먼,,,2025-11-14 15:23:14,5390.0,,,0.0,,장 마감 전 강제 청산 (15:00),TIME_EXIT,MAX_HOLD,보유 기간 상한 — 일봉 MAX_HOLD 와 동일 의미,INTRADAY
34,366030,공구우먼,,,2025-11-14 15:25:16,5390.0,,,0.0,,장 마감 전 강제 청산 (15:00),TIME_EXIT,MAX_HOLD,보유 기간 상한 — 일봉 MAX_HOLD 와 동일 의미,INTRADAY
35,366030,공구우먼,,,2025-11-14 15:26:16,5390.0,,,0.0,,장 마감 전 강제 청산 (15:00),TIME_EXIT,MAX_HOLD,보유 기간 상한 — 일봉 MAX_HOLD 와 동일 의미,INTRADAY
36,366030,공구우먼,,,2025-11-14 15:27:16,5390.0,,,0.0,,장 마감 전 강제 청산 (15:00),TIME_EXIT,MAX_HOLD,보유 기간 상한 — 일봉 MAX_HOLD 와 동일 의미,INTRADAY
37,366030,공구우먼,,,2025-11-14 15:28:17,5390.0,,,0.0,,장 마감 전 강제 청산 (15:00),TIME_EXIT,MAX_HOLD,보유 기간 상한 — 일봉 MAX_HOLD 와 동일 의미,INTRADAY
38,009420,한올바이오파마,,,2025-11-17 09:44:35,45200.0,,,400.0,0.89,트레일링 스탑 (+0.89%),TRAILING,TRAIL,고점 대비 되돌림 청산,INTRADAY
39,009420,한올바이오파마,,,2025-11-17 09:59:46,44800.0,,,-550.0,-1.21,"초기 실패 컷 (4.8분, -1.21%)",EARLY_FAILURE,SL,시간 제한이 붙은 손절 — 손실 제한이라는 점에서 SL,INTRADAY
40,009420,한올바이오파마,,,2025-11-17 11:31:44,46050.0,,,-350.0,-0.75,"초기 실패 컷 (7.0분, -0.75%)",EARLY_FAILURE,SL,시간 제한이 붙은 손절 — 손실 제한이라는 점에서 SL,INTRADAY
41,009420,한올바이오파마,,,2025-11-17 11:34:44,46100.0,,,-300.0,-0.65,"초기 실패 컷 (10.0분, -0.65%)",EARLY_FAILURE,SL,시간 제한이 붙은 손절 — 손실 제한이라는 점에서 SL,INTRADAY
42,009420,한올바이오파마,,,2025-11-17 11:35:45,46000.0,,,-400.0,-0.86,"초기 실패 컷 (11.0분, -0.86%)",EARLY_FAILURE,SL,시간 제한이 붙은 손절 — 손실 제한이라는 점에서 SL,INTRADAY
43,009420,한올바이오파마,,,2025-11-17 11:36:46,46000.0,,,-400.0,-0.86,"초기 실패 컷 (12.0분, -0.86%)",EARLY_FAILURE,SL,시간 제한이 붙은 손절 — 손실 제한이라는 점에서 SL,INTRADAY
44,009420,한올바이오파마,,,2025-11-17 11:39:44,46100.0,,,-300.0,-0.65,"초기 실패 컷 (15.0분, -0.65%)",EARLY_FAILURE,SL,시간 제한이 붙은 손절 — 손실 제한이라는 점에서 SL,INTRADAY
45,009420,한올바이오파마,,,2025-11-17 13:59:10,45850.0,,,-200.0,-0.43,다중 약화 신호 (VWAP↓+EMA3↓),STRUCTURE_WEAK,(대응 없음),구조/모멘텀 약화 — 백테스트에 대응 규칙 없음,INTRADAY
46,323280,태성,,,2025-11-18 12:44:43,38250.0,,,-600.0,-1.54,기술적 손절 (-1.54%),STOP_LOSS,SL,손실 제한,INTRADAY
47,323280,태성,,,2025-11-18 12:44:47,38250.0,,,-600.0,-1.54,기술적 손절 (-1.54%),STOP_LOSS,SL,손실 제한,INTRADAY
48,323280,태성,,,2025-11-18 13:35:15,38350.0,,,-250.0,-0.65,"초기 실패 컷 (2.0분, -0.65%)",EARLY_FAILURE,SL,시간 제한이 붙은 손절 — 손실 제한이라는 점에서 SL,INTRADAY
49,323280,태성,,,2025-11-18 13:41:12,38400.0,,,-250.0,-0.65,"초기 실패 컷 (8.0분, -0.65%)",EARLY_FAILURE,SL,시간 제한이 붙은 손절 — 손실 제한이라는 점에서 SL,INTRADAY
50,226330,신테카바이오,,,2025-11-18 15:01:13,5500.0,,,0.0,,최종 강제 청산 (15:10),TIME_EXIT,MAX_HOLD,보유 기간 상한 — 일봉 MAX_HOLD 와 동일 의미,INTRADAY
51,226330,신테카바이오,,,2025-11-18 15:01:43,5500.0,,,0.0,,최종 강제 청산 (15:10),TIME_EXIT,MAX_HOLD,보유 기간 상한 — 일봉 MAX_HOLD 와 동일 의미,INTRADAY
52,226330,신테카바이오,,,2025-11-18 15:02:14,5500.0,,,0.0,,최종 강제 청산 (15:10),TIME_EXIT,MAX_HOLD,보유 기간 상한 — 일봉 MAX_HOLD 와 동일 의미,INTRADAY
53,226330,신테카바이오,,,2025-11-18 15:02:41,5500.0,,,0.0,,최종 강제 청산 (15:10),TIME_EXIT,MAX_HOLD,보유 기간 상한 — 일봉 MAX_HOLD 와 동일 의미,INTRADAY
54,226330,신테카바이오,,,2025-11-18 15:03:15,5500.0,,,0.0,,최종 강제 청산 (15:10),TIME_EXIT,MAX_HOLD,보유 기간 상한 — 일봉 MAX_HOLD 와 동일 의미,INTRADAY
55,226330,신테카바이오,,,2025-11-18 15:03:42,5500.0,,,0.0,,최종 강제 청산 (15:10),TIME_EXIT,MAX_HOLD,보유 기간 상한 — 일봉 MAX_HOLD 와 동일 의미,INTRADAY
56,226330,신테카바이오,,,2025-11-18 15:04:16,5500.0,,,0.0,,최종 강제 청산 (15:10),TIME_EXIT,MAX_HOLD,보유 기간 상한 — 일봉 MAX_HOLD 와 동일 의미,INTRADAY
57,226330,신테카바이오,,,2025-11-18 15:04:43,5500.0,,,0.0,,최종 강제 청산 (15:10),TIME_EXIT,MAX_HOLD,보유 기간 상한 — 일봉 MAX_HOLD 와 동일 의미,INTRADAY
58,226330,신테카바이오,,,2025-11-18 15:05:15,5500.0,,,0.0,,최종 강제 청산 (15:10),TIME_EXIT,MAX_HOLD,보유 기간 상한 — 일봉 MAX_HOLD 와 동일 의미,INTRADAY
59,226330,신테카바이오,,,2025-11-18 15:05:44,5500.0,,,0.0,,최종 강제 청산 (15:10),TIME_EXIT,MAX_HOLD,보유 기간 상한 — 일봉 MAX_HOLD 와 동일 의미,INTRADAY
60,226330,신테카바이오,,,2025-11-18 15:06:16,5500.0,,,0.0,,최종 강제 청산 (15:10),TIME_EXIT,MAX_HOLD,보유 기간 상한 — 일봉 MAX_HOLD 와 동일 의미,INTRADAY
61,226330,신테카바이오,,,2025-11-18 15:06:45,5500.0,,,0.0,,최종 강제 청산 (15:10),TIME_EXIT,MAX_HOLD,보유 기간 상한 — 일봉 MAX_HOLD 와 동일 의미,INTRADAY
62,226330,신테카바이오,,,2025-11-18 15:07:17,5500.0,,,0.0,,최종 강제 청산 (15:10),TIME_EXIT,MAX_HOLD,보유 기간 상한 — 일봉 MAX_HOLD 와 동일 의미,INTRADAY
63,226330,신테카바이오,,,2025-11-18 15:07:46,5500.0,,,0.0,,최종 강제 청산 (15:10),TIME_EXIT,MAX_HOLD,보유 기간 상한 — 일봉 MAX_HOLD 와 동일 의미,INTRADAY
64,226330,신테카바이오,,,2025-11-18 15:08:18,5500.0,,,0.0,,최종 강제 청산 (15:10),TIME_EXIT,MAX_HOLD,보유 기간 상한 — 일봉 MAX_HOLD 와 동일 의미,INTRADAY
65,226330,신테카바이오,,,2025-11-18 15:08:46,5500.0,,,0.0,,최종 강제 청산 (15:10),TIME_EXIT,MAX_HOLD,보유 기간 상한 — 일봉 MAX_HOLD 와 동일 의미,INTRADAY
66,226330,신테카바이오,,,2025-11-18 15:09:19,5500.0,,,0.0,,최종 강제 청산 (15:10),TIME_EXIT,MAX_HOLD,보유 기간 상한 — 일봉 MAX_HOLD 와 동일 의미,INTRADAY
67,226330,신테카바이오,,,2025-11-18 15:09:47,5500.0,,,0.0,,최종 강제 청산 (15:10),TIME_EXIT,MAX_HOLD,보유 기간 상한 — 일봉 MAX_HOLD 와 동일 의미,INTRADAY
68,226330,신테카바이오,,,2025-11-18 15:10:20,5500.0,,,0.0,,최종 강제 청산 (15:10),TIME_EXIT,MAX_HOLD,보유 기간 상한 — 일봉 MAX_HOLD 와 동일 의미,INTRADAY
69,226330,신테카바이오,,,2025-11-18 15:10:47,5500.0,,,0.0,,최종 강제 청산 (15:10),TIME_EXIT,MAX_HOLD,보유 기간 상한 — 일봉 MAX_HOLD 와 동일 의미,INTRADAY
70,226330,신테카바이오,,,2025-11-18 15:11:20,5500.0,,,0.0,,최종 강제 청산 (15:10),TIME_EXIT,MAX_HOLD,보유 기간 상한 — 일봉 MAX_HOLD 와 동일 의미,INTRADAY
71,226330,신테카바이오,,,2025-11-18 15:11:48,5500.0,,,0.0,,최종 강제 청산 (15:10),TIME_EXIT,MAX_HOLD,보유 기간 상한 — 일봉 MAX_HOLD 와 동일 의미,INTRADAY
72,226330,신테카바이오,,,2025-11-18 15:12:20,5500.0,,,0.0,,최종 강제 청산 (15:10),TIME_EXIT,MAX_HOLD,보유 기간 상한 — 일봉 MAX_HOLD 와 동일 의미,INTRADAY
73,226330,신테카바이오,,,2025-11-18 15:12:48,5500.0,,,0.0,,최종 강제 청산 (15:10),TIME_EXIT,MAX_HOLD,보유 기간 상한 — 일봉 MAX_HOLD 와 동일 의미,INTRADAY
74,226330,신테카바이오,,,2025-11-18 15:13:20,5500.0,,,0.0,,최종 강제 청산 (15:10),TIME_EXIT,MAX_HOLD,보유 기간 상한 — 일봉 MAX_HOLD 와 동일 의미,INTRADAY
75,226330,신테카바이오,,,2025-11-18 15:13:49,5500.0,,,0.0,,최종 강제 청산 (15:10),TIME_EXIT,MAX_HOLD,보유 기간 상한 — 일봉 MAX_HOLD 와 동일 의미,INTRADAY
76,226330,신테카바이오,,,2025-11-18 15:14:21,5500.0,,,0.0,,최종 강제 청산 (15:10),TIME_EXIT,MAX_HOLD,보유 기간 상한 — 일봉 MAX_HOLD 와 동일 의미,INTRADAY
77,226330,신테카바이오,,,2025-11-18 15:14:50,5500.0,,,0.0,,최종 강제 청산 (15:10),TIME_EXIT,MAX_HOLD,보유 기간 상한 — 일봉 MAX_HOLD 와 동일 의미,INTRADAY
78,226330,신테카바이오,,,2025-11-18 15:15:22,5500.0,,,0.0,,최종 강제 청산 (15:10),TIME_EXIT,MAX_HOLD,보유 기간 상한 — 일봉 MAX_HOLD 와 동일 의미,INTRADAY
79,226330,신테카바이오,,,2025-11-18 15:15:50,5500.0,,,0.0,,최종 강제 청산 (15:10),TIME_EXIT,MAX_HOLD,보유 기간 상한 — 일봉 MAX_HOLD 와 동일 의미,INTRADAY
80,226330,신테카바이오,,,2025-11-18 15:16:23,5500.0,,,0.0,,최종 강제 청산 (15:10),TIME_EXIT,MAX_HOLD,보유 기간 상한 — 일봉 MAX_HOLD 와 동일 의미,INTRADAY
81,226330,신테카바이오,,,2025-11-18 15:16:51,5500.0,,,0.0,,최종 강제 청산 (15:10),TIME_EXIT,MAX_HOLD,보유 기간 상한 — 일봉 MAX_HOLD 와 동일 의미,INTRADAY
82,226330,신테카바이오,,,2025-11-18 15:17:23,5500.0,,,0.0,,최종 강제 청산 (15:10),TIME_EXIT,MAX_HOLD,보유 기간 상한 — 일봉 MAX_HOLD 와 동일 의미,INTRADAY
83,226330,신테카바이오,,,2025-11-18 15:17:51,5500.0,,,0.0,,최종 강제 청산 (15:10),TIME_EXIT,MAX_HOLD,보유 기간 상한 — 일봉 MAX_HOLD 와 동일 의미,INTRADAY
84,226330,신테카바이오,,,2025-11-18 15:18:23,5500.0,,,0.0,,최종 강제 청산 (15:10),TIME_EXIT,MAX_HOLD,보유 기간 상한 — 일봉 MAX_HOLD 와 동일 의미,INTRADAY
85,226330,신테카바이오,,,2025-11-18 15:18:51,5500.0,,,0.0,,최종 강제 청산 (15:10),TIME_EXIT,MAX_HOLD,보유 기간 상한 — 일봉 MAX_HOLD 와 동일 의미,INTRADAY
86,226330,신테카바이오,,,2025-11-18 15:19:24,5500.0,,,0.0,,최종 강제 청산 (15:10),TIME_EXIT,MAX_HOLD,보유 기간 상한 — 일봉 MAX_HOLD 와 동일 의미,INTRADAY
87,226330,신테카바이오,,,2025-11-18 15:19:52,5500.0,,,0.0,,최종 강제 청산 (15:10),TIME_EXIT,MAX_HOLD,보유 기간 상한 — 일봉 MAX_HOLD 와 동일 의미,INTRADAY
88,226330,신테카바이오,,,2025-11-18 15:20:25,5500.0,,,0.0,,최종 강제 청산 (15:10),TIME_EXIT,MAX_HOLD,보유 기간 상한 — 일봉 MAX_HOLD 와 동일 의미,INTRADAY
89,226330,신테카바이오,,,2025-11-18 15:20:52,5500.0,,,0.0,,최종 강제 청산 (15:10),TIME_EXIT,MAX_HOLD,보유 기간 상한 — 일봉 MAX_HOLD 와 동일 의미,INTRADAY
90,226330,신테카바이오,,,2025-11-18 15:21:25,5500.0,,,0.0,,최종 강제 청산 (15:10),TIME_EXIT,MAX_HOLD,보유 기간 상한 — 일봉 MAX_HOLD 와 동일 의미,INTRADAY
91,226330,신테카바이오,,,2025-11-18 15:21:53,5500.0,,,0.0,,최종 강제 청산 (15:10),TIME_EXIT,MAX_HOLD,보유 기간 상한 — 일봉 MAX_HOLD 와 동일 의미,INTRADAY
92,226330,신테카바이오,,,2025-11-18 15:22:25,5500.0,,,0.0,,최종 강제 청산 (15:10),TIME_EXIT,MAX_HOLD,보유 기간 상한 — 일봉 MAX_HOLD 와 동일 의미,INTRADAY
93,226330,신테카바이오,,,2025-11-18 15:22:53,5500.0,,,0.0,,최종 강제 청산 (15:10),TIME_EXIT,MAX_HOLD,보유 기간 상한 — 일봉 MAX_HOLD 와 동일 의미,INTRADAY
94,226330,신테카바이오,,,2025-11-18 15:23:26,5500.0,,,0.0,,최종 강제 청산 (15:10),TIME_EXIT,MAX_HOLD,보유 기간 상한 — 일봉 MAX_HOLD 와 동일 의미,INTRADAY
95,226330,신테카바이오,,,2025-11-18 15:23:54,5500.0,,,0.0,,최종 강제 청산 (15:10),TIME_EXIT,MAX_HOLD,보유 기간 상한 — 일봉 MAX_HOLD 와 동일 의미,INTRADAY
96,226330,신테카바이오,,,2025-11-18 15:24:26,5500.0,,,0.0,,최종 강제 청산 (15:10),TIME_EXIT,MAX_HOLD,보유 기간 상한 — 일봉 MAX_HOLD 와 동일 의미,INTRADAY
97,226330,신테카바이오,,,2025-11-18 15:24:54,5500.0,,,0.0,,최종 강제 청산 (15:10),TIME_EXIT,MAX_HOLD,보유 기간 상한 — 일봉 MAX_HOLD 와 동일 의미,INTRADAY
98,226330,신테카바이오,,,2025-11-18 15:25:26,5500.0,,,0.0,,최종 강제 청산 (15:10),TIME_EXIT,MAX_HOLD,보유 기간 상한 — 일봉 MAX_HOLD 와 동일 의미,INTRADAY
99,226330,신테카바이오,,,2025-11-18 15:25:55,5500.0,,,0.0,,최종 강제 청산 (15:10),TIME_EXIT,MAX_HOLD,보유 기간 상한 — 일봉 MAX_HOLD 와 동일 의미,INTRADAY
100,226330,신테카바이오,,,2025-11-18 15:26:27,5500.0,,,0.0,,최종 강제 청산 (15:10),TIME_EXIT,MAX_HOLD,보유 기간 상한 — 일봉 MAX_HOLD 와 동일 의미,INTRADAY
101,226330,신테카바이오,,,2025-11-18 15:26:56,5500.0,,,0.0,,최종 강제 청산 (15:10),TIME_EXIT,MAX_HOLD,보유 기간 상한 — 일봉 MAX_HOLD 와 동일 의미,INTRADAY
102,226330,신테카바이오,,,2025-11-18 15:27:28,5500.0,,,0.0,,최종 강제 청산 (15:10),TIME_EXIT,MAX_HOLD,보유 기간 상한 — 일봉 MAX_HOLD 와 동일 의미,INTRADAY
103,226330,신테카바이오,,,2025-11-18 15:27:56,5500.0,,,0.0,,최종 강제 청산 (15:10),TIME_EXIT,MAX_HOLD,보유 기간 상한 — 일봉 MAX_HOLD 와 동일 의미,INTRADAY
104,226330,신테카바이오,,,2025-11-18 15:28:28,5500.0,,,0.0,,최종 강제 청산 (15:10),TIME_EXIT,MAX_HOLD,보유 기간 상한 — 일봉 MAX_HOLD 와 동일 의미,INTRADAY
105,226330,신테카바이오,,,2025-11-18 15:28:56,5500.0,,,0.0,,최종 강제 청산 (15:10),TIME_EXIT,MAX_HOLD,보유 기간 상한 — 일봉 MAX_HOLD 와 동일 의미,INTRADAY
106,226330,신테카바이오,,,2025-11-18 15:29:29,5500.0,,,0.0,,최종 강제 청산 (15:10),TIME_EXIT,MAX_HOLD,보유 기간 상한 — 일봉 MAX_HOLD 와 동일 의미,INTRADAY
107,226330,신테카바이오,,,2025-11-18 15:29:57,5500.0,,,0.0,,최종 강제 청산 (15:10),TIME_EXIT,MAX_HOLD,보유 기간 상한 — 일봉 MAX_HOLD 와 동일 의미,INTRADAY
108,235980,메드팩토,,,2025-11-19 10:12:47,8410.0,,,-770.0,-1.29,"초기 실패 컷 (1.0분, -1.29%)",EARLY_FAILURE,SL,시간 제한이 붙은 손절 — 손실 제한이라는 점에서 SL,INTRADAY
110,235980,메드팩토,,,2025-11-19 10:15:49,8020.0,,,-1850.0,-4.41,Emergency Hard Stop (-4.41%),HARD_STOP,SL,손실 제한 — 백테스트 SL 과 동일 의미,INTRADAY
111,235980,메드팩토,,,2025-11-19 10:17:51,7990.0,,,-400.0,-0.62,"초기 실패 컷 (1.0분, -0.62%)",EARLY_FAILURE,SL,시간 제한이 붙은 손절 — 손실 제한이라는 점에서 SL,INTRADAY
112,235980,메드팩토,,,2025-11-19 10:19:52,7790.0,,,-1040.0,-1.64,"초기 실패 컷 (1.0분, -1.64%)",EARLY_FAILURE,SL,시간 제한이 붙은 손절 — 손실 제한이라는 점에서 SL,INTRADAY
115,204620,글로벌텍스프리,,,2025-11-20 11:00:37,6670.0,,,290.0,4.55,ATR 트레일링 스탑 (+4.55%),TRAILING,TRAIL,고점 대비 되돌림 청산,INTRADAY
116,049950,미래컴퍼니,,,2025-11-20 11:30:44,15910.0,,,280.0,0.89,ATR 트레일링 스탑 (+0.89%),TRAILING,TRAIL,고점 대비 되돌림 청산,INTRADAY
117,049950,미래컴퍼니,,,2025-11-20 13:15:08,16140.0,,,380.0,1.19,ATR 트레일링 스탑 (+1.19%),TRAILING,TRAIL,고점 대비 되돌림 청산,INTRADAY
118,204620,글로벌텍스프리,,,2025-11-20 13:44:00,6850.0,,,300.0,0.88,ATR 트레일링 스탑 (+0.88%),TRAILING,TRAIL,고점 대비 되돌림 청산,INTRADAY
120,388870,파로스아이바이오,,,2025-11-21 13:29:53,7830.0,,,-1080.0,-3.33,"Hard Stop (-3%, -3.33%)",HARD_STOP,SL,손실 제한 — 백테스트 SL 과 동일 의미,INTRADAY
122,009420,한올바이오파마,2025-11-28 10:57:38,45750.0,2025-11-28 11:01:47,45450.0,0,,-600.0,-0.66,"🚨 Early Failure Cut (4.1분, -0.66%)",EARLY_FAILURE,SL,시간 제한이 붙은 손절 — 손실 제한이라는 점에서 SL,INTRADAY
127,318060,그래피,2025-11-28 12:36:39,20050.0,2025-11-28 12:39:38,19900.0,0,,-150.0,-0.75,"🚨 Early Failure Cut (3.0분, -0.75%)",EARLY_FAILURE,SL,시간 제한이 붙은 손절 — 손실 제한이라는 점에서 SL,INTRADAY
129,476060,온코닉테라퓨틱스,2025-11-28 12:35:41,20750.0,2025-11-28 13:08:56,21050.0,0,,300.0,1.45,ATR 트레일링 스탑 (+1.45%),TRAILING,TRAIL,고점 대비 되돌림 청산,INTRADAY
130,448900,한국피아이엠,2025-11-28 12:35:42,54600.0,2025-11-28 13:14:59,55300.0,0,,700.0,1.28,ATR 트레일링 스탑 (+1.28%),TRAILING,TRAIL,고점 대비 되돌림 청산,INTRADAY
131,950160,코오롱티슈진,2025-11-28 12:40:39,85900.0,2025-11-28 13:22:00,86700.0,0,,800.0,0.93,ATR 트레일링 스탑 (+0.93%),TRAILING,TRAIL,고점 대비 되돌림 청산,INTRADAY
132,009420,한올바이오파마,2025-11-28 12:36:37,46100.0,2025-11-28 13:31:02,46800.0,0,,700.0,1.52,ATR 트레일링 스탑 (+1.52%),TRAILING,TRAIL,고점 대비 되돌림 청산,INTRADAY
135,448900,한국피아이엠,2025-12-01 09:31:31,60600.0,2025-12-01 09:33:33,60100.0,0,,-500.0,-0.83,"🚨 Early Failure Cut (2.0분, -0.83%)",EARLY_FAILURE,SL,시간 제한이 붙은 손절 — 손실 제한이라는 점에서 SL,INTRADAY
138,318060,그래피,2025-12-01 09:43:39,20100.0,2025-12-01 09:45:40,19980.0,0,,-120.0,-0.6,"🚨 Early Failure Cut (2.0분, -0.60%)",EARLY_FAILURE,SL,시간 제한이 붙은 손절 — 손실 제한이라는 점에서 SL,INTRADAY
140,092200,디아이씨,2025-12-01 09:47:36,9540.0,2025-12-01 09:48:36,9490.0,0,,-100.0,-0.52,"🚨 Early Failure Cut (1.0분, -0.52%)",EARLY_FAILURE,SL,시간 제한이 붙은 손절 — 손실 제한이라는 점에서 SL,INTRADAY
141,058610,에스피지,2025-12-01 09:45:38,63300.0,2025-12-01 09:51:39,62900.0,0,,-400.0,-0.63,"🚨 Early Failure Cut (6.0분, -0.63%)",EARLY_FAILURE,SL,시간 제한이 붙은 손절 — 손실 제한이라는 점에서 SL,INTRADAY
144,200470,에이팩트,2025-12-03 09:32:32,5830.0,2025-12-03 09:33:31,5760.0,0,,-70.0,-1.2,"🚨 Early Failure Cut (1.0분, -1.20%)",EARLY_FAILURE,SL,시간 제한이 붙은 손절 — 손실 제한이라는 점에서 SL,INTRADAY
146,318060,그래피,2025-12-03 09:34:31,23050.0,2025-12-03 09:38:33,22800.0,0,,-250.0,-1.08,"🚨 Early Failure Cut (4.0분, -1.08%)",EARLY_FAILURE,SL,시간 제한이 붙은 손절 — 손실 제한이라는 점에서 SL,INTRADAY
148,460940,피앤에스로보틱스,2025-12-03 11:36:37,13830.0,2025-12-03 11:38:34,13680.0,0,,-150.0,-1.08,"🚨 Early Failure Cut (2.0분, -1.08%)",EARLY_FAILURE,SL,시간 제한이 붙은 손절 — 손실 제한이라는 점에서 SL,INTRADAY
151,013360,일성건설,2025-12-05 10:58:03,2370.0,2025-12-05 11:03:07,2350.0,0,,-280.0,-0.84,"🚨 Early Failure Cut (5.1분, -0.84%)",EARLY_FAILURE,SL,시간 제한이 붙은 손절 — 손실 제한이라는 점에서 SL,INTRADAY
154,105840,우진,2025-12-05 14:23:27,18740.0,2025-12-05 15:00:45,18820.0,0,,80.0,0.43,"시간 기반 청산 (15:00, +0.43%)",TIME_EXIT,MAX_HOLD,보유 기간 상한 — 일봉 MAX_HOLD 와 동일 의미,INTRADAY
156,474650,링크솔루션,2025-12-08 10:21:30,51500.0,2025-12-08 10:24:30,50000.0,0,,-1500.0,-2.91,"Hard Stop (-3%, -2.91%)",HARD_STOP,SL,손실 제한 — 백테스트 SL 과 동일 의미,INTRADAY
159,101170,우림피티에스,2025-12-08 10:59:37,11930.0,2025-12-08 11:45:12,12000.0,0,,140.0,0.59,ATR 트레일링 스탑 (+0.59%),TRAILING,TRAIL,고점 대비 되돌림 청산,INTRADAY
161,317240,TS트릴리온,2025-12-10 11:30:07,258.0,2025-12-10 12:35:46,259.0,0,,29.0,0.39,ATR 트레일링 스탑 (+0.39%),TRAILING,TRAIL,고점 대비 되돌림 청산,INTRADAY
163,317240,TS트릴리온,2025-12-10 12:37:47,261.0,2025-12-10 12:41:47,261.0,0,,0.0,,ATR 트레일링 스탑 (+0.00%),TRAILING,TRAIL,고점 대비 되돌림 청산,INTRADAY
165,317240,TS트릴리온,2025-12-10 13:01:58,261.0,2025-12-10 13:15:01,259.0,0,,-164.0,-0.77,다중 약화 신호 (VWAP↓+EMA3↓),STRUCTURE_WEAK,(대응 없음),구조/모멘텀 약화 — 백테스트에 대응 규칙 없음,INTRADAY
167,302430,이노메트리,2025-12-10 13:43:15,9210.0,2025-12-10 13:51:17,8910.0,0,,-900.0,-3.26,"Hard Stop (-3%, -3.26%)",HARD_STOP,SL,손실 제한 — 백테스트 SL 과 동일 의미,INTRADAY
170,030530,원익홀딩스,2025-12-11 10:07:07,31800.0,2025-12-11 10:27:17,30950.0,0,,-850.0,-2.67,"Hard Stop (-3%, -2.67%)",HARD_STOP,SL,손실 제한 — 백테스트 SL 과 동일 의미,INTRADAY
171,105840,우진,2025-12-11 10:22:16,19930.0,2025-12-11 10:56:30,20050.0,0,,120.0,0.6,ATR 트레일링 스탑 (+0.60%),TRAILING,TRAIL,고점 대비 되돌림 청산,INTRADAY
174,389030,지니너스,2025-12-11 13:12:57,2870.0,2025-12-11 13:34:08,2875.0,0,,15.0,0.17,ATR 트레일링 스탑 (+0.17%),TRAILING,TRAIL,고점 대비 되돌림 청산,INTRADAY
176,389030,지니너스,2025-12-11 13:42:13,2895.0,2025-12-11 13:55:18,2895.0,0,,0.0,,ATR 트레일링 스탑 (+0.00%),TRAILING,TRAIL,고점 대비 되돌림 청산,INTRADAY
177,105840,우진,2025-12-11 12:57:50,20350.0,2025-12-11 15:00:49,20200.0,0,,-150.0,-0.74,"시간 기반 청산 (15:00, -0.74%)",TIME_EXIT,MAX_HOLD,보유 기간 상한 — 일봉 MAX_HOLD 와 동일 의미,INTRADAY
179,217330,싸이토젠,2025-12-16 11:18:37,4980.0,2025-12-16 11:20:36,4845.0,0,,-1350.0,-2.71,"Hard Stop (-3%, -2.71%)",HARD_STOP,SL,손실 제한 — 백테스트 SL 과 동일 의미,INTRADAY
181,217330,싸이토젠,2025-12-16 12:18:58,5060.0,2025-12-16 12:28:01,5100.0,0,,40.0,0.79,ATR 트레일링 스탑 (+0.79%),TRAILING,TRAIL,고점 대비 되돌림 청산,INTRADAY
183,217330,싸이토젠,2025-12-16 12:29:04,5070.0,2025-12-16 12:35:05,5110.0,0,,160.0,0.79,ATR 트레일링 스탑 (+0.79%),TRAILING,TRAIL,고점 대비 되돌림 청산,INTRADAY
185,217330,싸이토젠,2025-12-16 12:38:08,5180.0,2025-12-16 12:51:27,5020.0,0,,-960.0,-3.09,"Hard Stop (-3%, -3.09%)",HARD_STOP,SL,손실 제한 — 백테스트 SL 과 동일 의미,INTRADAY
187,039860,나노엔텍,2025-12-16 13:03:36,4855.0,2025-12-16 13:08:37,4825.0,0,,-210.0,-0.62,ATR 트레일링 스탑 (-0.62%),TRAILING,TRAIL,고점 대비 되돌림 청산,INTRADAY
190,295310,에이치브이엠,2025-12-18 12:54:07,41650.0,2025-12-18 13:54:42,41500.0,0,,-150.0,-0.36,다중 약화 신호 (VWAP↓+EMA3↓),STRUCTURE_WEAK,(대응 없음),구조/모멘텀 약화 — 백테스트에 대응 규칙 없음,INTRADAY
193,223250,드림씨아이에스,2025-12-19 10:38:48,7610.0,2025-12-19 10:58:01,7430.0,0,,-720.0,-2.37,"🚨 Early Failure Cut (19.2분, -2.37%)",EARLY_FAILURE,SL,시간 제한이 붙은 손절 — 손실 제한이라는 점에서 SL,INTRADAY
195,124500,아이티센글로벌,2025-12-23 10:03:57,31000.0,2025-12-23 15:13:09,31400.0,0,,400.0,1.29,"시간 기반 청산 (15:00, +1.29%)",TIME_EXIT,MAX_HOLD,보유 기간 상한 — 일봉 MAX_HOLD 와 동일 의미,INTRADAY
199,049630,재영솔루텍,2025-12-26 10:30:09,4175.0,2025-12-26 10:35:11,4105.0,0,,-490.0,-1.68,"🚨 Early Failure Cut (5.0분, -1.68%)",EARLY_FAILURE,SL,시간 제한이 붙은 손절 — 손실 제한이라는 점에서 SL,INTRADAY
203,489500,엘케이켐,2025-12-30 10:59:25,35850.0,2025-12-30 11:04:27,35100.0,0,,-750.0,-2.09,"🚨 Early Failure Cut (5.0분, -2.09%)",EARLY_FAILURE,SL,시간 제한이 붙은 손절 — 손실 제한이라는 점에서 SL,INTRADAY
204,250060,모비스,2025-12-30 10:56:23,3965.0,2025-12-30 11:05:28,3895.0,0,,-490.0,-1.77,"🚨 Early Failure Cut (9.1분, -1.77%)",EARLY_FAILURE,SL,시간 제한이 붙은 손절 — 손실 제한이라는 점에서 SL,INTRADAY
206,053700,삼보모터스,2025-12-30 14:04:47,6630.0,2025-12-30 14:08:48,6520.0,0,,-770.0,-1.66,"🚨 Early Failure Cut (4.0분, -1.66%)",EARLY_FAILURE,SL,시간 제한이 붙은 손절 — 손실 제한이라는 점에서 SL,INTRADAY
213,318060,그래피,2026-01-02 11:45:42,27900.0,2026-01-02 14:00:15,28150.0,0,,750.0,0.9,Squeeze: dark_red 모멘텀 반전 (+0.90%),STRUCTURE_WEAK,(대응 없음),구조/모멘텀 약화 — 백테스트에 대응 규칙 없음,INTRADAY
215,452160,제이엔비,2026-01-06 14:43:06,7780.0,2026-01-06 15:00:44,7750.0,0,,-240.0,-0.39,"시간 기반 청산 (15:00, -0.39%)",TIME_EXIT,MAX_HOLD,보유 기간 상한 — 일봉 MAX_HOLD 와 동일 의미,INTRADAY
217,489500,엘케이켐,2026-01-06 15:00:45,32900.0,2026-01-06 15:01:45,32800.0,0,,-100.0,-0.3,"시간 기반 청산 (15:00, -0.30%)",TIME_EXIT,MAX_HOLD,보유 기간 상한 — 일봉 MAX_HOLD 와 동일 의미,INTRADAY
221,368770,파이버프로,2026-01-07 13:27:44,13950.0,2026-01-07 14:35:19,14070.0,0,,600.0,0.86,Squeeze: dark_red 모멘텀 반전 (+0.86%),STRUCTURE_WEAK,(대응 없음),구조/모멘텀 약화 — 백테스트에 대응 규칙 없음,INTRADAY
222,489500,엘케이켐,2026-01-07 14:27:17,32450.0,2026-01-07 14:58:34,31750.0,0,,-1400.0,-2.16,"Hard Stop (-2.0%, -2.16%) [부분청산 0차]",HARD_STOP,SL,손실 제한 — 백테스트 SL 과 동일 의미,INTRADAY
225,368770,파이버프로,2026-01-08 11:15:38,14190.0,2026-01-08 11:55:01,13870.0,0,,-1280.0,-2.26,"Hard Stop (-2.0%, -2.26%) [부분청산 0차]",HARD_STOP,SL,손실 제한 — 백테스트 SL 과 동일 의미,INTRADAY
228,003160,디아이,2026-01-08 12:51:29,29300.0,2026-01-08 13:11:39,28750.0,0,,-550.0,-1.88,"🚨 Early Failure Cut (20.2분, -1.88%)",EARLY_FAILURE,SL,시간 제한이 붙은 손절 — 손실 제한이라는 점에서 SL,INTRADAY
229,232680,라온테크,2026-01-08 10:35:19,15240.0,2026-01-08 13:43:58,15180.0,0,,-240.0,-0.39,다중 약화 신호 (VWAP↓+EMA3↓),STRUCTURE_WEAK,(대응 없음),구조/모멘텀 약화 — 백테스트에 대응 규칙 없음,INTRADAY
230,489500,엘케이켐,2026-01-08 12:57:33,33350.0,2026-01-08 14:05:07,33300.0,0,,-50.0,-0.15,다중 약화 신호 (VWAP↓+EMA3↓),STRUCTURE_WEAK,(대응 없음),구조/모멘텀 약화 — 백테스트에 대응 규칙 없음,INTRADAY
232,452160,제이엔비,2026-01-08 15:15:33,7450.0,2026-01-08 15:16:34,7410.0,0,,-520.0,-0.54,"시간 기반 청산 (15:00, -0.54%)",TIME_EXIT,MAX_HOLD,보유 기간 상한 — 일봉 MAX_HOLD 와 동일 의미,INTRADAY
237,489500,엘케이켐,2026-01-09 10:41:37,33400.0,2026-01-09 11:03:49,32750.0,0,,-1300.0,-1.95,"🚨 Early Failure Cut (22.2분, -1.95%)",EARLY_FAILURE,SL,시간 제한이 붙은 손절 — 손실 제한이라는 점에서 SL,INTRADAY
239,080220,제주반도체,2026-01-09 10:28:39,30650.0,2026-01-09 11:42:10,31100.0,0,,900.0,1.47,Squeeze: dark_red 모멘텀 반전 (+1.47%),STRUCTURE_WEAK,(대응 없음),구조/모멘텀 약화 — 백테스트에 대응 규칙 없음,INTRADAY
242,396470,워트,2026-01-09 10:30:36,7100.0,2026-01-09 13:08:53,7100.0,0,,0.0,,ATR 트레일링 스탑 (+0.00%),TRAILING,TRAIL,고점 대비 되돌림 청산,INTRADAY
244,053700,삼보모터스,2026-01-09 13:24:59,6930.0,2026-01-09 13:48:11,6810.0,0,,-1680.0,-1.73,"🚨 Early Failure Cut (23.2분, -1.73%)",EARLY_FAILURE,SL,시간 제한이 붙은 손절 — 손실 제한이라는 점에서 SL,INTRADAY
245,452160,제이엔비,2026-01-09 11:57:18,7400.0,2026-01-09 13:54:16,7250.0,0,,-1950.0,-2.03,"Hard Stop (-2.0%, -2.03%) [부분청산 0차]",HARD_STOP,SL,손실 제한 — 백테스트 SL 과 동일 의미,INTRADAY
246,489500,엘케이켐,2026-01-09 11:44:13,32750.0,2026-01-09 14:03:24,32050.0,0,,-1400.0,-2.14,"Hard Stop (-2.0%, -2.14%) [부분청산 0차]",HARD_STOP,SL,손실 제한 — 백테스트 SL 과 동일 의미,INTRADAY
249,023810,인팩,2026-01-12 15:09:07,11610.0,2026-01-13 09:50:34,11850.0,1,,250.0,2.16,"데드크로스 청산: 데드크로스 (MA5: 11946, MA10: 11985)",MA5_EXIT,(대응 없음),이동평균 이탈 — 백테스트에 대응 규칙 없음,INTRADAY
252,437730,삼현,2026-01-13 10:58:18,64900.0,2026-01-13 11:20:56,64000.0,0,,-900.0,-1.39,"데드크로스 청산: 데드크로스 (MA5: 64160, MA10: 64220)",MA5_EXIT,(대응 없음),이동평균 이탈 — 백테스트에 대응 규칙 없음,INTRADAY
254,389500,에스비비테크,2026-01-13 11:23:59,53800.0,2026-01-13 11:29:13,54900.0,0,,1100.0,2.04,Squeeze: bright_red 모멘텀 반전 (+2.04%),STRUCTURE_WEAK,(대응 없음),구조/모멘텀 약화 — 백테스트에 대응 규칙 없음,INTRADAY
255,318060,그래피,2026-01-13 11:06:35,33400.0,2026-01-13 11:35:39,33150.0,0,,-250.0,-0.75,"데드크로스 청산: 데드크로스 (MA5: 33150, MA10: 33155)",MA5_EXIT,(대응 없음),이동평균 이탈 — 백테스트에 대응 규칙 없음,INTRADAY
257,396470,워트,2026-01-13 11:52:11,7130.0,2026-01-13 13:49:28,7080.0,0,,-400.0,-0.7,"데드크로스 청산: 데드크로스 (MA5: 7112, MA10: 7113)",MA5_EXIT,(대응 없음),이동평균 이탈 — 백테스트에 대응 규칙 없음,INTRADAY
259,124500,아이티센글로벌,2026-01-13 14:32:45,37350.0,2026-01-13 15:01:16,36950.0,0,,-400.0,-1.07,"시간 기반 청산 (15:00, -1.07%)",TIME_EXIT,MAX_HOLD,보유 기간 상한 — 일봉 MAX_HOLD 와 동일 의미,INTRADAY
263,082920,비츠로셀,2026-01-14 10:01:04,21100.0,2026-01-14 10:07:33,21050.0,0,,-150.0,-0.24,"5분봉 데드크로스 청산: 데드크로스 (MA5: 21090, MA10: 21095)",MA5_EXIT,(대응 없음),이동평균 이탈 — 백테스트에 대응 규칙 없음,INTRADAY
264,019180,티에이치엔,2026-01-14 10:00:04,9530.0,2026-01-14 10:19:11,9360.0,0,,-1190.0,-1.78,"🚨 Early Failure Cut (19.1분, -1.78%)",EARLY_FAILURE,SL,시간 제한이 붙은 손절 — 손실 제한이라는 점에서 SL,INTRADAY
271,419080,엔젯,2026-01-15 12:07:22,10060.0,2026-01-15 12:09:40,9860.0,0,,-1800.0,-1.99,"🚨 Early Failure Cut (2.3분, -1.99%)",EARLY_FAILURE,SL,시간 제한이 붙은 손절 — 손실 제한이라는 점에서 SL,INTRADAY
272,190510,나무가,2026-01-15 12:05:13,26850.0,2026-01-15 14:05:45,27250.0,0,,1200.0,1.49,Squeeze: bright_red 모멘텀 반전 (+1.49%),STRUCTURE_WEAK,(대응 없음),구조/모멘텀 약화 — 백테스트에 대응 규칙 없음,INTRADAY
275,023810,인팩,2026-01-15 14:07:42,12470.0,2026-01-15 14:47:26,12560.0,0,,720.0,0.72,Squeeze: dark_red 모멘텀 반전 (+0.72%),STRUCTURE_WEAK,(대응 없음),구조/모멘텀 약화 — 백테스트에 대응 규칙 없음,INTRADAY
276,489500,엘케이켐,2026-01-15 14:08:44,30400.0,2026-01-15 15:00:43,30350.0,0,,-100.0,-0.16,"시간 기반 청산 (15:00, -0.16%)",TIME_EXIT,MAX_HOLD,보유 기간 상한 — 일봉 MAX_HOLD 와 동일 의미,INTRADAY
278,437730,삼현,2026-01-15 15:05:56,65100.0,2026-01-15 15:06:59,65000.0,0,,-100.0,-0.15,"시간 기반 청산 (15:00, -0.15%)",TIME_EXIT,MAX_HOLD,보유 기간 상한 — 일봉 MAX_HOLD 와 동일 의미,INTRADAY
283,004310,현대약품,2026-01-16 15:10:36,13320.0,2026-01-16 15:13:06,13150.0,0,,-1020.0,-1.28,"시간 기반 청산 (15:00, -1.28%)",TIME_EXIT,MAX_HOLD,보유 기간 상한 — 일봉 MAX_HOLD 와 동일 의미,INTRADAY
286,452160,제이엔비,2026-01-20 11:12:35,6930.0,2026-01-20 15:12:01,6820.0,0,,-440.0,-1.59,15:12 30분봉 데드크로스 (MA5 < MA20),MA5_EXIT,(대응 없음),이동평균 이탈 — 백테스트에 대응 규칙 없음,INTRADAY
288,232680,라온테크,2026-01-21 10:49:13,16365.0,2026-01-21 11:09:16,16010.0,0,,-1065.0,-2.17,"11:09 🚨 Early Failure Cut (20.1분, -2.17%)",EARLY_FAILURE,SL,시간 제한이 붙은 손절 — 손실 제한이라는 점에서 SL,INTRADAY
290,298830,슈어소프트테크,2026-01-21 14:15:02,8880.0,2026-01-21 14:27:01,8530.0,0,,-1750.0,-3.94,"14:27 🚨 Early Failure Cut (12.0분, -3.94%)",EARLY_FAILURE,SL,시간 제한이 붙은 손절 — 손실 제한이라는 점에서 SL,INTRADAY
294,451760,컨텍,2026-01-22 12:44:55,21650.0,2026-01-22 12:54:32,21300.0,0,,-700.0,-1.62,"12:54 🚨 Early Failure Cut (9.6분, -1.62%)",EARLY_FAILURE,SL,시간 제한이 붙은 손절 — 손실 제한이라는 점에서 SL,INTRADAY
295,458870,씨어스테크놀로지,2026-01-22 12:44:56,156400.0,2026-01-22 14:00:12,161600.0,0,,5200.0,3.32,14:00 ATR 트레일링 스탑 (+3.32%),TRAILING,TRAIL,고점 대비 되돌림 청산,INTRADAY
298,059270,해성에어로보틱스,2026-01-22 14:00:15,19490.0,2026-01-22 14:30:31,18985.0,0,,-1010.0,-2.59,"14:30 Hard Stop (-2.0%, -2.59%) [부분청산 0차]",HARD_STOP,SL,손실 제한 — 백테스트 SL 과 동일 의미,INTRADAY
300,060280,큐렉소,2026-01-22 14:30:35,18660.0,2026-01-22 14:52:42,18220.0,0,,-1320.0,-2.36,"14:52 🚨 Early Failure Cut (22.1분, -2.36%)",EARLY_FAILURE,SL,시간 제한이 붙은 손절 — 손실 제한이라는 점에서 SL,INTRADAY
302,007810,코리아써키트,2026-01-22 14:01:19,65600.0,2026-01-22 14:57:17,64200.0,0,,-1400.0,-2.13,"14:57 Hard Stop (-2.0%, -2.13%) [부분청산 0차]",HARD_STOP,SL,손실 제한 — 백테스트 SL 과 동일 의미,INTRADAY
303,489500,엘케이켐,2026-01-22 12:44:58,27100.0,2026-01-23 09:02:42,27100.0,1,,0.0,,09:02 다중 약화 신호 (VWAP↓+EMA3↓),STRUCTURE_WEAK,(대응 없음),구조/모멘텀 약화 — 백테스트에 대응 규칙 없음,INTRADAY
308,189300,인텔리안테크,2026-01-23 10:20:14,76200.0,2026-01-23 10:38:38,74300.0,0,,-1900.0,-2.49,"10:38 🚨 Early Failure Cut (18.4분, -2.49%)",EARLY_FAILURE,SL,시간 제한이 붙은 손절 — 손실 제한이라는 점에서 SL,INTRADAY
312,059120,아진엑스텍,2026-01-26 12:20:13,16890.0,2026-01-27 09:01:36,16870.0,1,,60.0,0.12,09:01 ATR 트레일링 스탑 (+0.12%),TRAILING,TRAIL,고점 대비 되돌림 청산,INTRADAY
314,189300,인텔리안테크,2026-01-27 11:56:34,77500.0,2026-01-27 14:00:06,79100.0,0,,1600.0,2.06,14:00 ATR 트레일링 스탑 (+2.06%),TRAILING,TRAIL,고점 대비 되돌림 청산,INTRADAY
317,240810,원익IPS,2026-01-29 10:32:13,103500.0,2026-01-29 11:11:17,109800.0,0,,6300.0,6.09,11:11 ATR 트레일링 스탑 (+6.09%),TRAILING,TRAIL,고점 대비 되돌림 청산,INTRADAY
320,274090,켄코아에어로스페이스,2026-01-30 10:13:01,28800.0,2026-01-30 10:44:26,29300.0,0,,1000.0,1.74,10:44 ATR 트레일링 스탑 (+1.74%),TRAILING,TRAIL,고점 대비 되돌림 청산,INTRADAY
322,200710,에이디테크놀로지,2026-01-30 10:55:04,40000.0,2026-01-30 11:14:02,39300.0,0,,-700.0,-1.75,"11:14 🚨 Early Failure Cut (VWAP 완전 이탈 (-2.63%), -1.75%)",EARLY_FAILURE,SL,시간 제한이 붙은 손절 — 손실 제한이라는 점에서 SL,INTRADAY
326,361390,제노코,2026-02-02 12:10:29,27550.0,2026-02-02 13:25:42,26900.0,0,,-1300.0,-2.36,"13:25 Hard Stop (-2.0%, -2.36%) [부분청산 0차]",HARD_STOP,SL,손실 제한 — 백테스트 SL 과 동일 의미,INTRADAY
327,361390,제노코,2026-02-02 12:10:29,27550.0,2026-02-02 13:27:42,26850.0,0,,-1400.0,-2.54,"13:27 Hard Stop (-2.0%, -2.54%) [부분청산 0차]",HARD_STOP,SL,손실 제한 — 백테스트 SL 과 동일 의미,INTRADAY
328,361390,제노코,2026-02-02 12:10:29,27550.0,2026-02-02 13:28:42,26850.0,0,,-1400.0,-2.54,"13:28 Hard Stop (-2.0%, -2.54%) [부분청산 0차]",HARD_STOP,SL,손실 제한 — 백테스트 SL 과 동일 의미,INTRADAY
329,361390,제노코,2026-02-02 12:10:29,27550.0,2026-02-02 13:29:43,26850.0,0,,-1400.0,-2.54,"13:29 Hard Stop (-2.0%, -2.54%) [부분청산 0차]",HARD_STOP,SL,손실 제한 — 백테스트 SL 과 동일 의미,INTRADAY
330,361390,제노코,2026-02-02 12:10:29,27550.0,2026-02-02 13:30:44,26900.0,0,,-1300.0,-2.36,"13:30 Hard Stop (-2.0%, -2.36%) [부분청산 0차]",HARD_STOP,SL,손실 제한 — 백테스트 SL 과 동일 의미,INTRADAY
331,361390,제노코,2026-02-02 12:10:29,27550.0,2026-02-02 13:32:41,26825.0,0,,-1450.0,-2.63,"13:32 Hard Stop (-2.0%, -2.63%) [부분청산 0차]",HARD_STOP,SL,손실 제한 — 백테스트 SL 과 동일 의미,INTRADAY
332,361390,제노코,2026-02-02 12:10:29,27550.0,2026-02-02 13:33:42,26850.0,0,,-1400.0,-2.54,"13:33 Hard Stop (-2.0%, -2.54%) [부분청산 0차]",HARD_STOP,SL,손실 제한 — 백테스트 SL 과 동일 의미,INTRADAY
333,361390,제노코,2026-02-02 12:10:29,27550.0,2026-02-02 13:34:42,26900.0,0,,-1300.0,-2.36,"13:34 Hard Stop (-2.0%, -2.36%) [부분청산 0차]",HARD_STOP,SL,손실 제한 — 백테스트 SL 과 동일 의미,INTRADAY
336,047040,대우건설,2026-02-05 10:32:40,5520.0,2026-02-05 11:08:36,5400.0,0,,-2160.0,-2.17,"11:08 Hard Stop (-2.0%, -2.17%) [부분청산 0차]",HARD_STOP,SL,손실 제한 — 백테스트 SL 과 동일 의미,INTRADAY
337,101330,모베이스,2026-02-05 11:02:18,7300.0,2026-02-05 14:49:51,7020.0,0,,-3640.0,-3.84,"14:49 🚨 Early Failure v2 (-3.84%, 모든 조건 충족)",EARLY_FAILURE,SL,시간 제한이 붙은 손절 — 손실 제한이라는 점에서 SL,INTRADAY
339,056080,유진로봇,2026-02-06 10:44:28,33900.0,2026-02-06 11:00:51,33050.0,0,,-1700.0,-2.51,"11:00 Hard Stop (-2.0%, -2.51%) [부분청산 0차]",HARD_STOP,SL,손실 제한 — 백테스트 SL 과 동일 의미,INTRADAY
342,211270,AP위성,2026-02-09 12:10:47,21050.0,2026-02-09 12:19:30,20900.0,0,,-750.0,-0.71,"12:19 Early Failure[no_follow] 구조 (방향실패(2)+거래량고갈(1)+추종실패(1), score=4)",EARLY_FAILURE,SL,시간 제한이 붙은 손절 — 손실 제한이라는 점에서 SL,INTRADAY
343,095610,테스,2026-02-09 10:16:24,70400.0,2026-02-09 13:22:42,69600.0,0,,-800.0,-1.14,"13:22 구조 손절 (69,694원, -1.14%)",STRUCTURE_STOP,SL,구조 기반 손절 — SL 의 가격 산출 방식 차이,INTRADAY
347,365590,하이딥,2026-02-10 10:35:36,3290.0,2026-02-10 10:51:18,3320.0,0,,1020.0,0.91,"10:51 구조 손절 (3,702원, 0.91%)",STRUCTURE_STOP,SL,구조 기반 손절 — SL 의 가격 산출 방식 차이,INTRADAY
348,189300,인텔리안테크,2026-02-10 10:35:39,123100.0,2026-02-10 10:51:22,121700.0,0,,-1400.0,-1.14,"10:51 구조 손절 (121,967원, -1.14%)",STRUCTURE_STOP,SL,구조 기반 손절 — SL 의 가격 산출 방식 차이,INTRADAY
350,281740,레이크머티리얼즈,2026-02-10 12:01:09,24800.0,2026-02-10 12:12:00,24700.0,0,,-400.0,-0.4,"12:12 Early Failure[no_follow] 구조 (방향실패(2)+거래량고갈(1)+추종실패(1), score=4)",EARLY_FAILURE,SL,시간 제한이 붙은 손절 — 손실 제한이라는 점에서 SL,INTRADAY
353,039440,에스티아이,2026-02-10 12:42:58,35450.0,2026-02-10 12:50:19,35450.0,0,,0.0,,"12:50 Early Failure[no_follow] 구조 (방향실패(2)+거래량고갈(1), score=3)",EARLY_FAILURE,SL,시간 제한이 붙은 손절 — 손실 제한이라는 점에서 SL,INTRADAY
356,452160,제이엔비,2026-02-13 11:40:12,6570.0,2026-02-13 12:39:19,6510.0,0,,-480.0,-0.91,"12:39 구조 손절 (6,524원, -0.91%)",STRUCTURE_STOP,SL,구조 기반 손절 — SL 의 가격 산출 방식 차이,INTRADAY
359,474650,링크솔루션,2026-02-19 13:23:23,88900.0,2026-02-19 13:29:27,87900.0,0,,-1000.0,-1.12,"13:29 구조 손절 (88,302원, -1.12%)",STRUCTURE_STOP,SL,구조 기반 손절 — SL 의 가격 산출 방식 차이,INTRADAY
360,417840,저스템,2026-02-19 13:29:00,6890.0,2026-02-19 13:35:38,6870.0,0,,-140.0,-0.29,"13:35 Early Failure[no_follow] 구조 (방향실패(2)+거래량고갈(1), score=3)",EARLY_FAILURE,SL,시간 제한이 붙은 손절 — 손실 제한이라는 점에서 SL,INTRADAY
362,130660,한전산업,2026-02-25 11:08:10,25350.0,2026-02-25 14:42:45,25050.0,0,,-300.0,-1.18,"14:42 구조 손절 (25,146원, -1.18%)",STRUCTURE_STOP,SL,구조 기반 손절 — SL 의 가격 산출 방식 차이,INTRADAY
368,218410,RFHIC,2026-03-26 10:19:04,85100.0,2026-03-26 10:58:17,83300.0,0,39,-1800.0,-2.12,"10:58 Hard Stop (-2.0%, -2.12%) [부분청산 0차]",HARD_STOP,SL,손실 제한 — 백테스트 SL 과 동일 의미,INTRADAY
369,073490,이노와이어리스,2026-03-26 10:19:05,43050.0,2026-03-26 11:17:29,42050.0,0,58,-1000.0,-2.32,"11:17 Hard Stop (-2.0%, -2.32%) [부분청산 0차]",HARD_STOP,SL,손실 제한 — 백테스트 SL 과 동일 의미,INTRADAY
372,078600,대주전자재료,2026-04-06 10:44:53,125200.0,2026-04-06 10:50:56,123500.0,0,6,-1700.0,-1.36,"10:50 Early Failure[no_follow] 구조 (방향실패(2)+거래량고갈(1), score=3)",EARLY_FAILURE,SL,시간 제한이 붙은 손절 — 손실 제한이라는 점에서 SL,INTRADAY
379,396470,워트,2026-04-14 12:28:20,7470.0,2026-04-14 12:33:22,7450.0,0,5,-80.0,-0.27,"12:33 Early Failure[no_follow] 구조 (방향실패(2)+거래량고갈(1)+추종실패(1), score=4)",EARLY_FAILURE,SL,시간 제한이 붙은 손절 — 손실 제한이라는 점에서 SL,INTRADAY
380,160980,싸이맥스,2026-04-14 10:43:58,28600.0,2026-04-14 12:55:12,28000.0,0,131,-600.0,-2.1,"12:55 Hard Stop (-2.0%, -2.10%) [부분청산 0차]",HARD_STOP,SL,손실 제한 — 백테스트 SL 과 동일 의미,INTRADAY
381,082920,비츠로셀,2026-04-14 11:03:11,44700.0,2026-04-14 14:50:00,44700.0,0,226,0.0,,"14:50 오버나이트 차단 (CHoCH B급, 당일 강제 청산)",OVERNIGHT_BLOCK,MAX_HOLD,당일 보유 상한 — MAX_HOLD 를 1일로 둔 것,INTRADAY
382,082920,비츠로셀,2026-04-14 11:03:11,44700.0,2026-04-14 15:25:00,44700.0,0,261,0.0,,15:25 무조건 강제청산 [OVERNIGHT_FAILSAFE],OVERNIGHT_BLOCK,MAX_HOLD,당일 보유 상한 — MAX_HOLD 를 1일로 둔 것,INTRADAY
385,037030,파워넷,2026-04-15 12:56:44,8640.0,2026-04-15 13:05:17,8580.0,0,8,-60.0,-0.69,"13:05 Early Failure[no_follow] 구조 (방향실패(2)+거래량고갈(1)+추종실패(1), score=4)",EARLY_FAILURE,SL,시간 제한이 붙은 손절 — 손실 제한이라는 점에서 SL,INTRADAY
386,070300,엑스큐어,2026-04-15 12:25:27,2915.0,2026-04-15 14:50:00,2915.0,0,144,0.0,,"14:50 오버나이트 차단 (CHoCH B급, 당일 강제 청산)",OVERNIGHT_BLOCK,MAX_HOLD,당일 보유 상한 — MAX_HOLD 를 1일로 둔 것,INTRADAY
387,070300,엑스큐어,2026-04-15 12:25:27,2915.0,2026-04-15 15:25:00,2915.0,0,179,0.0,,15:25 무조건 강제청산 [OVERNIGHT_FAILSAFE],OVERNIGHT_BLOCK,MAX_HOLD,당일 보유 상한 — MAX_HOLD 를 1일로 둔 것,INTRADAY
389,294630,서남,2026-04-16 11:24:12,6030.0,2026-04-16 11:29:32,6010.0,0,5,-20.0,-0.33,"11:29 Early Failure[no_follow] 구조 (방향실패(2)+거래량고갈(1), score=3)",EARLY_FAILURE,SL,시간 제한이 붙은 손절 — 손실 제한이라는 점에서 SL,INTRADAY
391,420770,기가비스,,,2026-04-27 14:50:00,99800.0,,340,-700.0,-0.7,"14:50 오버나이트 차단 (등급=B, HTF❌, 수익=-0.70%<1.5%)",OVERNIGHT_BLOCK,MAX_HOLD,당일 보유 상한 — MAX_HOLD 를 1일로 둔 것,INTRADAY
394,045100,한양이엔지,,,2026-05-07 13:21:36,33450.0,,260,-100.0,-0.15,"13:21 [TRAILING_STOP] ATR×3.0 (고가=34,300 → 스탑=33,734, pnl=-0.15%)",TRAILING,TRAIL,고점 대비 되돌림 청산,INTRADAY
395,498410,KODEX 금융고배당TOP10타겟위클리커버드콜,,,2026-05-08 09:02:07,12945.0,,12,2225.0,3.56,"09:02 [TRAILING_STOP] ATR×3.0 (고가=13,020 → 스탑=12,954, pnl=+3.56%)",TRAILING,TRAIL,고점 대비 되돌림 청산,INTRADAY
396,050890,쏠리드,,,2026-05-08 09:49:51,19040.0,,59,-800.0,-0.83,"09:49 [TRAILING_STOP] ATR×3.0 (고가=20,050 → 스탑=19,111, pnl=-0.83%)",TRAILING,TRAIL,고점 대비 되돌림 청산,INTRADAY
397,136540,윈스테크넷,,,2026-05-08 14:50:00,12700.0,,359,0.0,,"14:50 오버나이트 차단 (등급=B, HTF❌, 수익=+0.00%<1.5%)",OVERNIGHT_BLOCK,MAX_HOLD,당일 보유 상한 — MAX_HOLD 를 1일로 둔 것,INTRADAY
415,458650,성우,2026-05-11 12:49:16,13820.0,2026-05-11 13:19:39,13740.0,0,30,-400.0,-0.58,13:19 MFE부족 (30분 후 MFE=0.14%<0.2%),NO_PROGRESS,(대응 없음),일정 시간 내 진전 없음 — 대응 규칙 없음,INTRADAY
417,006400,삼성SDI,2026-05-12 09:00:05,684000.0,2026-05-13 09:00:09,629000.0,1,0,-376000.0,-6.95,09:00 [HARD_STOP] -5.0% (-6.95%),HARD_STOP,SL,손실 제한 — 백테스트 SL 과 동일 의미,INTRADAY
418,133690,TIGER 미국나스닥100,,,2026-05-22 11:25:37,196820.0,,155,82524.0,1.86,"11:25 [TRAILING_STOP] ATR×3.0 (고가=197,230 → 스탑=196,832, pnl=+1.86%)",TRAILING,TRAIL,고점 대비 되돌림 청산,INTRADAY
426,000660,SK하이닉스,2026-06-10 09:00:05,2215000.0,2026-06-11 09:00:05,1975000.0,1,,-240000.0,,MA5_EXIT,MA5_EXIT,(대응 없음),이동평균 이탈 — 백테스트에 대응 규칙 없음,INTRADAY
422,035420,NAVER,2026-06-15 09:00:05,253000.0,2026-06-17 14:50:00,242000.0,2,349,-143000.0,-4.35,14:50 오버나이트 차단 (손실-4.35%<-3.0%),OVERNIGHT_BLOCK,MAX_HOLD,당일 보유 상한 — MAX_HOLD 를 1일로 둔 것,INTRADAY
423,396470,워트,2026-06-09 12:10:05,6690.0,2026-06-19 10:54:06,6350.0,10,1364,-7140.0,-5.08,10:54 [HARD_STOP] -5.0% (-5.08%),HARD_STOP,SL,손실 제한 — 백테스트 SL 과 동일 의미,INTRADAY
425,005930,삼성전자,2026-06-23 09:00:06,353500.0,2026-06-24 09:00:05,314000.0,1,,-237000.0,,DRAWDOWN_STOP,DRAWDOWN_STOP,(대응 없음),계좌 단위 리스크 — 거래 단위 청산 규칙이 아님,INTRADAY
428,005930,삼성전자,2026-07-01 09:00:04,334000.0,2026-07-01 14:50:00,318500.0,0,349,-93000.0,-4.64,"14:50 오버나이트 차단 (손실-4.64%<-3.0%, B급+손실-4.64%<-1.5%)",OVERNIGHT_BLOCK,MAX_HOLD,당일 보유 상한 — MAX_HOLD 를 1일로 둔 것,INTRADAY
