code,name,state,bars,pages,retries,http429,start_date,end_date,last_update,error
000230,일동홀딩스,OK,17672,20,0,0,2025-08-01 09:00:00+09:00,2026-07-31 15:30:00+09:00,2026-08-03T05:06:32,
000660,SK하이닉스,OK,18896,21,0,0,2025-08-01 09:00:00+09:00,2026-07-31 15:30:00+09:00,2026-08-03T05:06:32,
001120,LX인터내셔널,OK,18808,21,0,0,2025-08-01 09:00:00+09:00,2026-07-31 15:30:00+09:00,2026-08-03T05:06:32,
001820,삼화콘덴서,OK,18811,21,0,0,2025-08-01 09:00:00+09:00,2026-07-31 15:30:00+09:00,2026-08-03T05:06:32,
002020,코오롱,OK,18789,21,0,0,2025-08-01 09:00:00+09:00,2026-07-31 15:30:00+09:00,2026-08-03T05:06:32,
003160,디아이,OK,18844,21,0,0,2025-08-01 09:00:00+09:00,2026-07-31 15:30:00+09:00,2026-08-03T05:06:32,
003380,하림지주,OK,18864,21,0,0,2025-08-01 09:00:00+09:00,2026-07-31 15:30:00+09:00,2026-08-03T05:06:32,
004310,현대약품,OK,18759,21,0,0,2025-08-01 09:00:00+09:00,2026-07-31 15:30:00+09:00,2026-08-03T05:06:32,
005930,삼성전자,OK,18896,21,0,0,2025-08-01 09:00:00+09:00,2026-07-31 15:30:00+09:00,2026-08-03T05:06:32,
005940,NH투자증권,OK,18867,21,0,0,2025-08-01 09:00:00+09:00,2026-07-31 15:30:00+09:00,2026-08-03T05:06:32,
006400,삼성SDI,OK,18896,21,0,0,2025-08-01 09:00:00+09:00,2026-07-31 15:30:00+09:00,2026-08-03T05:06:32,
007810,코리아써키트,OK,18823,21,0,0,2025-08-01 09:00:00+09:00,2026-07-31 15:30:00+09:00,2026-08-03T05:06:32,
009420,한올바이오파마,OK,18864,21,0,0,2025-08-01 09:00:00+09:00,2026-07-31 15:30:00+09:00,2026-08-03T05:06:32,
013360,일성건설,OK,18503,21,0,0,2025-08-01 09:00:00+09:00,2026-07-31 15:30:00+09:00,2026-08-03T05:06:32,
019180,티에이치엔,OK,18606,21,0,0,2025-08-01 09:00:00+09:00,2026-07-31 15:30:00+09:00,2026-08-03T05:06:32,
019210,와이지-원,OK,18708,21,0,0,2025-08-01 09:00:00+09:00,2026-07-31 15:30:00+09:00,2026-08-03T05:06:32,
023810,인팩,OK,15300,17,0,0,2025-08-01 14:35:00+09:00,2026-07-31 15:30:00+09:00,2026-08-03T05:06:32,
026890,스틱인베스트먼트,OK,18493,21,0,0,2025-08-01 09:00:00+09:00,2026-07-31 15:30:00+09:00,2026-08-03T05:06:32,
030530,원익홀딩스,OK,18839,21,0,0,2025-08-01 09:00:00+09:00,2026-07-31 15:30:00+09:00,2026-08-03T05:06:32,
031980,피에스케이홀딩스,OK,18893,21,0,0,2025-08-01 09:00:00+09:00,2026-07-31 15:30:00+09:00,2026-08-03T05:06:32,
035420,NAVER,OK,18819,21,0,0,2025-08-01 09:00:00+09:00,2026-07-30 15:35:00+09:00,2026-08-03T05:06:32,
037030,파워넷,OK,18257,21,0,0,2025-08-01 09:00:00+09:00,2026-07-30 15:35:00+09:00,2026-08-03T05:06:32,
039440,에스티아이,OK,18773,21,0,0,2025-08-01 09:00:00+09:00,2026-07-30 15:30:00+09:00,2026-08-03T05:06:32,
039860,나노엔텍,OK,18307,21,0,0,2025-08-01 09:00:00+09:00,2026-07-30 15:35:00+09:00,2026-08-03T05:06:32,
045100,한양이엔지,OK,18732,21,0,0,2025-08-01 09:00:00+09:00,2026-07-30 15:30:00+09:00,2026-08-03T05:06:32,
047040,대우건설,OK,18791,21,0,0,2025-08-01 09:00:00+09:00,2026-07-30 15:35:00+09:00,2026-08-03T05:06:32,
049630,재영솔루텍,OK,17462,20,0,0,2025-08-01 09:00:00+09:00,2026-07-30 15:35:00+09:00,2026-08-03T05:06:32,
049950,미래컴퍼니,OK,18371,21,0,0,2025-08-01 09:00:00+09:00,2026-07-30 15:35:00+09:00,2026-08-03T05:06:32,
050890,쏠리드,OK,18625,21,0,0,2025-08-01 09:00:00+09:00,2026-07-30 15:35:00+09:00,2026-08-03T05:06:32,
053700,삼보모터스,OK,17688,20,0,0,2025-08-01 09:00:00+09:00,2026-07-30 15:35:00+09:00,2026-08-03T05:06:32,
056080,유진로봇,OK,18836,21,0,0,2025-08-01 09:00:00+09:00,2026-07-30 15:35:00+09:00,2026-08-03T05:06:32,
058610,에스피지,OK,18823,21,0,0,2025-08-01 09:00:00+09:00,2026-07-30 15:35:00+09:00,2026-08-03T05:06:32,
059120,아진엑스텍,OK,18406,21,0,0,2025-08-01 09:00:00+09:00,2026-07-30 15:35:00+09:00,2026-08-03T05:06:32,
059270,해성에어로보틱스,OK,18419,21,0,0,2025-08-01 09:00:00+09:00,2026-07-30 15:35:00+09:00,2026-08-03T05:06:32,
060280,큐렉소,OK,18798,21,0,0,2025-08-01 09:00:00+09:00,2026-07-30 15:35:00+09:00,2026-08-03T05:06:32,
068290,삼성출판사,OK,16809,19,0,0,2025-08-01 09:00:00+09:00,2026-07-30 15:30:00+09:00,2026-08-03T05:06:32,
070300,엑스큐어,OK,17210,20,0,0,2025-08-01 09:00:00+09:00,2026-07-30 15:30:00+09:00,2026-08-03T05:06:32,
073490,이노와이어리스,OK,18458,21,0,0,2025-08-01 09:00:00+09:00,2026-07-30 15:35:00+09:00,2026-08-03T05:06:32,
078600,대주전자재료,OK,18805,21,0,0,2025-08-01 09:00:00+09:00,2026-07-30 15:35:00+09:00,2026-08-03T05:06:32,
080220,제주반도체,OK,18650,21,0,0,2025-08-01 09:00:00+09:00,2026-07-30 15:35:00+09:00,2026-08-03T05:06:32,
082920,비츠로셀,OK,18744,21,0,0,2025-08-01 09:00:00+09:00,2026-07-30 15:35:00+09:00,2026-08-03T05:06:32,
085910,네오티스,OK,17728,20,0,0,2025-08-01 09:00:00+09:00,2026-07-30 15:30:00+09:00,2026-08-03T05:06:32,
090710,휴림로봇,OK,18689,21,0,0,2025-08-01 09:00:00+09:00,2026-07-30 15:35:00+09:00,2026-08-03T05:06:32,
092200,디아이씨,OK,18787,21,0,0,2025-08-01 09:00:00+09:00,2026-07-30 15:35:00+09:00,2026-08-03T05:06:32,
095610,테스,OK,18817,21,0,0,2025-08-01 09:00:00+09:00,2026-07-30 15:35:00+09:00,2026-08-03T05:06:32,
098460,고영,OK,18841,21,0,0,2025-08-01 09:00:00+09:00,2026-07-30 15:35:00+09:00,2026-08-03T05:06:32,
100790,미래에셋벤처투자,OK,18704,21,0,0,2025-08-01 09:00:00+09:00,2026-07-30 15:35:00+09:00,2026-08-03T05:06:32,
101170,우림피티에스,OK,18256,21,0,0,2025-08-01 09:00:00+09:00,2026-07-30 15:30:00+09:00,2026-08-03T05:06:32,
101330,모베이스,OK,16581,19,0,0,2025-08-01 09:00:00+09:00,2026-07-30 15:35:00+09:00,2026-08-03T05:06:32,
105840,우진,OK,18802,21,0,0,2025-08-01 09:00:00+09:00,2026-07-30 15:35:00+09:00,2026-08-03T05:06:32,
111770,영원무역,OK,18677,21,0,0,2025-08-01 09:00:00+09:00,2026-07-30 15:35:00+09:00,2026-08-03T05:06:32,
120110,코오롱인더,OK,18781,21,0,0,2025-08-01 09:00:00+09:00,2026-07-30 15:35:00+09:00,2026-08-03T05:06:32,
124500,아이티센글로벌,OK,18791,21,0,0,2025-08-01 09:00:00+09:00,2026-07-30 15:30:00+09:00,2026-08-03T05:06:32,
130660,한전산업,OK,18575,21,0,0,2025-08-01 09:00:00+09:00,2026-07-30 15:35:00+09:00,2026-08-03T05:06:32,
133690,TIGER 미국나스닥100,OK,18819,21,0,0,2025-08-01 09:00:00+09:00,2026-07-30 15:35:00+09:00,2026-08-03T05:06:32,
136540,윈스테크넷,OK,17651,20,0,0,2025-08-01 09:00:00+09:00,2026-07-30 15:30:00+09:00,2026-08-03T05:06:32,
140430,카티스,OK,15783,18,0,0,2025-08-01 09:00:00+09:00,2026-07-30 15:35:00+09:00,2026-08-03T05:06:32,
140670,알에스오토메이션,OK,18783,21,0,0,2025-08-01 09:00:00+09:00,2026-07-30 15:35:00+09:00,2026-08-03T05:06:32,
160980,싸이맥스,OK,18468,21,0,0,2025-08-01 09:00:00+09:00,2026-07-30 15:30:00+09:00,2026-08-03T05:06:32,
189300,인텔리안테크,OK,18759,21,0,0,2025-08-01 09:00:00+09:00,2026-07-30 15:30:00+09:00,2026-08-03T05:06:32,
190510,나무가,OK,18501,21,0,0,2025-08-01 09:00:00+09:00,2026-07-30 15:30:00+09:00,2026-08-03T05:06:32,
191410,육일씨엔에쓰,OK,16200,18,0,0,2025-08-01 15:30:00+09:00,2026-07-30 15:30:00+09:00,2026-08-03T05:06:32,
200470,에이팩트,OK,18680,21,0,0,2025-08-01 09:00:00+09:00,2026-07-30 15:35:00+09:00,2026-08-03T05:06:32,
200710,에이디테크놀로지,OK,18812,21,0,0,2025-08-01 09:00:00+09:00,2026-07-30 15:30:00+09:00,2026-08-03T05:06:32,
204620,글로벌텍스프리,OK,18834,21,0,0,2025-08-01 09:00:00+09:00,2026-07-30 15:35:00+09:00,2026-08-03T05:06:32,
211270,AP위성,OK,18501,21,0,0,2025-08-01 09:00:00+09:00,2026-07-30 15:35:00+09:00,2026-08-03T05:06:32,
217330,싸이토젠,OK,17781,20,0,0,2025-08-01 09:00:00+09:00,2026-07-30 15:35:00+09:00,2026-08-03T05:06:32,
218410,RFHIC,OK,18820,21,0,0,2025-08-01 09:00:00+09:00,2026-07-30 15:35:00+09:00,2026-08-03T05:06:32,
223250,드림씨아이에스,OK,18358,21,0,0,2025-08-01 09:00:00+09:00,2026-07-30 15:35:00+09:00,2026-08-03T05:06:32,
226330,신테카바이오,OK,18203,21,0,0,2025-08-01 09:00:00+09:00,2026-07-30 15:35:00+09:00,2026-08-03T05:06:32,
232680,라온테크,OK,18311,21,0,0,2025-08-01 09:00:00+09:00,2026-07-30 15:35:00+09:00,2026-08-03T05:06:32,
235980,메드팩토,OK,18440,21,0,0,2025-08-01 09:00:00+09:00,2026-07-30 15:35:00+09:00,2026-08-03T05:06:32,
240810,원익IPS,OK,18836,21,0,0,2025-08-01 09:00:00+09:00,2026-07-30 15:35:00+09:00,2026-08-03T05:06:32,
250060,모비스,OK,18749,21,0,0,2025-08-01 09:00:00+09:00,2026-07-30 15:35:00+09:00,2026-08-03T05:06:32,
274090,켄코아에어로스페이스,OK,18640,21,0,0,2025-08-01 09:00:00+09:00,2026-07-30 15:35:00+09:00,2026-08-03T05:06:32,
281740,레이크머티리얼즈,OK,18807,21,0,0,2025-08-01 09:00:00+09:00,2026-07-30 15:35:00+09:00,2026-08-03T05:06:32,
290550,디케이티,OK,18602,21,0,0,2025-08-01 09:00:00+09:00,2026-07-30 15:35:00+09:00,2026-08-03T05:06:32,
294630,서남,OK,18656,21,0,0,2025-08-01 09:00:00+09:00,2026-07-30 15:30:00+09:00,2026-08-03T05:06:32,
295310,에이치브이엠,OK,18568,21,0,0,2025-08-01 09:00:00+09:00,2026-07-30 15:30:00+09:00,2026-08-03T05:06:32,
298830,슈어소프트테크,OK,18669,21,0,0,2025-08-01 09:00:00+09:00,2026-07-30 15:35:00+09:00,2026-08-03T05:06:32,
302430,이노메트리,OK,16775,19,0,0,2025-08-01 09:00:00+09:00,2026-07-30 15:35:00+09:00,2026-08-03T05:06:32,
317240,TS트릴리온,OK,17224,20,0,0,2025-08-01 09:00:00+09:00,2026-07-30 15:35:00+09:00,2026-08-03T05:06:32,
318060,그래피,OK,17642,20,0,0,2025-08-25 09:00:00+09:00,2026-07-30 15:30:00+09:00,2026-08-03T05:06:32,
322000,HD현대에너지솔루션,OK,18600,21,0,0,2025-08-01 09:00:00+09:00,2026-07-30 15:35:00+09:00,2026-08-03T05:06:32,
323280,태성,OK,18825,21,0,0,2025-08-01 09:00:00+09:00,2026-07-30 15:35:00+09:00,2026-08-03T05:06:32,
327260,RF머트리얼즈,OK,18599,21,0,0,2025-08-01 09:00:00+09:00,2026-07-30 15:35:00+09:00,2026-08-03T05:06:32,
361390,제노코,OK,18264,21,0,0,2025-08-01 09:00:00+09:00,2026-07-30 15:35:00+09:00,2026-08-03T05:06:32,
365590,하이딥,OK,15273,17,0,0,2025-08-01 09:00:00+09:00,2026-07-30 15:30:00+09:00,2026-08-03T05:06:32,
366030,공구우먼,OK,17987,20,0,0,2025-08-01 09:00:00+09:00,2026-07-30 15:35:00+09:00,2026-08-03T05:06:32,
368770,파이버프로,OK,18533,21,0,0,2025-08-01 09:00:00+09:00,2026-07-30 15:35:00+09:00,2026-08-03T05:06:32,
388870,파로스아이바이오,OK,18141,21,0,0,2025-08-01 09:00:00+09:00,2026-07-30 15:35:00+09:00,2026-08-03T05:06:32,
389030,지니너스,OK,18508,21,0,0,2025-08-01 09:00:00+09:00,2026-07-30 15:35:00+09:00,2026-08-03T05:06:32,
389500,에스비비테크,OK,18762,21,0,0,2025-08-01 09:00:00+09:00,2026-07-30 15:35:00+09:00,2026-08-03T05:06:32,
396470,워트,OK,18192,21,0,0,2025-08-01 09:00:00+09:00,2026-07-30 15:30:00+09:00,2026-08-03T05:06:32,
417840,저스템,OK,18425,21,0,0,2025-08-01 09:00:00+09:00,2026-07-30 15:35:00+09:00,2026-08-03T05:06:32,
417970,모델솔루션,OK,17633,20,0,0,2025-08-01 09:00:00+09:00,2026-07-30 15:30:00+09:00,2026-08-03T05:06:32,
419080,엔젯,OK,17380,20,0,0,2025-08-01 09:00:00+09:00,2026-07-30 15:30:00+09:00,2026-08-03T05:06:32,
420770,기가비스,OK,18642,21,0,0,2025-08-01 09:00:00+09:00,2026-07-30 15:30:00+09:00,2026-08-03T05:06:32,
437730,삼현,OK,18804,21,0,0,2025-08-01 09:00:00+09:00,2026-07-30 15:35:00+09:00,2026-08-03T05:06:32,
448900,한국피아이엠,OK,18785,21,0,0,2025-08-01 09:00:00+09:00,2026-07-30 15:35:00+09:00,2026-08-03T05:06:32,
451760,컨텍,OK,18271,21,0,0,2025-08-01 09:00:00+09:00,2026-07-30 15:30:00+09:00,2026-08-03T05:06:32,
452160,제이엔비,OK,16720,19,0,0,2025-08-01 09:00:00+09:00,2026-07-30 15:30:00+09:00,2026-08-03T05:06:32,
458650,성우,OK,18257,21,0,0,2025-08-01 09:00:00+09:00,2026-07-30 15:35:00+09:00,2026-08-03T05:06:32,
458870,씨어스테크놀로지,OK,18771,21,0,0,2025-08-01 09:00:00+09:00,2026-07-30 15:35:00+09:00,2026-08-03T05:06:32,
460940,피앤에스로보틱스,OK,18442,21,0,0,2025-08-01 09:00:00+09:00,2026-07-30 15:35:00+09:00,2026-08-03T05:06:32,
474170,루미르,OK,18725,21,0,0,2025-08-01 09:00:00+09:00,2026-07-30 15:30:00+09:00,2026-08-03T05:06:32,
474650,링크솔루션,OK,18756,21,0,0,2025-08-01 09:00:00+09:00,2026-07-30 15:35:00+09:00,2026-08-03T05:06:32,
476060,온코닉테라퓨틱스,OK,18800,21,0,0,2025-08-01 09:00:00+09:00,2026-07-30 15:35:00+09:00,2026-08-03T05:06:32,
482630,삼양엔씨켐,OK,18698,21,0,0,2025-08-01 09:00:00+09:00,2026-07-30 15:35:00+09:00,2026-08-03T05:06:32,
489500,엘케이켐,OK,18382,21,0,0,2025-08-01 09:00:00+09:00,2026-07-30 15:35:00+09:00,2026-08-03T05:06:32,
498410,KODEX 금융고배당TOP10타겟위클리커버드콜,OK,18814,21,0,0,2025-08-01 09:00:00+09:00,2026-07-30 15:35:00+09:00,2026-08-03T05:06:32,
950160,코오롱티슈진,OK,18844,21,0,0,2025-08-01 09:00:00+09:00,2026-07-30 15:35:00+09:00,2026-08-03T05:06:32,
